model_family,latent_dim,target,arm,mae,r2
conditional_ae,3,curvature_index_mean,development_constant,0.015715778847694335,-0.19878522204786497
conditional_ae,3,curvature_index_mean,direct_context,0.008086585024790609,0.10352986469617198
conditional_ae,3,curvature_index_mean,latent_probe,0.015659600767745734,-0.22994415208404137
conditional_ae,3,curvature_index_sd,development_constant,0.054119437963674,-0.1235650321086268
conditional_ae,3,curvature_index_sd,direct_context,0.039296494581096485,-0.11614150886887198
conditional_ae,3,curvature_index_sd,latent_probe,0.05399225994110379,-0.10811040627471247
conditional_ae,3,initiation_time_s_mean,development_constant,0.03038119246223941,-0.11572525170944692
conditional_ae,3,initiation_time_s_mean,direct_context,0.009274765744360845,0.9115361719368679
conditional_ae,3,initiation_time_s_mean,latent_probe,0.01467042174377624,0.7164723449404726
conditional_ae,3,initiation_time_s_sd,development_constant,0.01402803906771552,-0.046102410308510366
conditional_ae,3,initiation_time_s_sd,direct_context,0.010928194745774574,0.4049732329750291
conditional_ae,3,initiation_time_s_sd,latent_probe,0.01438076144689384,-0.10404260161261296
conditional_ae,3,max_lateral_deviation_mean,development_constant,0.2138667539729581,-0.1138153861432658
conditional_ae,3,max_lateral_deviation_mean,direct_context,0.03830300779219764,0.9628798991285201
conditional_ae,3,max_lateral_deviation_mean,latent_probe,0.19720560739464021,0.0703357168218413
conditional_ae,3,max_lateral_deviation_sd,development_constant,0.10394045872296069,-0.2153357528484987
conditional_ae,3,max_lateral_deviation_sd,direct_context,0.06695761603826796,0.27222326617259407
conditional_ae,3,max_lateral_deviation_sd,latent_probe,0.11419468761668515,-0.3748850485098771
conditional_ae,3,movement_time_s_mean,development_constant,0.048762006937175216,-0.09447728304811642
conditional_ae,3,movement_time_s_mean,direct_context,0.011049426775781449,0.924468009833891
conditional_ae,3,movement_time_s_mean,latent_probe,0.041769069514570455,-0.2893878976711544
conditional_ae,3,movement_time_s_sd,development_constant,0.03244078483683542,-0.10032126529847196
conditional_ae,3,movement_time_s_sd,direct_context,0.027879019640692417,0.016574899146142075
conditional_ae,3,movement_time_s_sd,latent_probe,0.029013986086605114,0.06369258925556402
conditional_ae,3,n_submovements_mean,development_constant,0.06645986803327505,-0.23439231723011722
conditional_ae,3,n_submovements_mean,direct_context,0.021629173314821646,0.8830840832761294
conditional_ae,3,n_submovements_mean,latent_probe,0.06609518826216713,-0.2546104935233206
conditional_ae,3,n_submovements_sd,development_constant,0.13441114364911505,-0.2821818991505536
conditional_ae,3,n_submovements_sd,direct_context,0.07928217167560737,0.49718905993137713
conditional_ae,3,n_submovements_sd,latent_probe,0.1351194653653726,-0.2540207611866276
conditional_ae,3,path_length_mean,development_constant,0.3690595943775106,-0.25916971379885756
conditional_ae,3,path_length_mean,direct_context,0.16235443379203612,0.42588662239596453
conditional_ae,3,path_length_mean,latent_probe,0.3874891362436266,-0.40204547474568314
conditional_ae,3,path_length_sd,development_constant,0.672800730643301,-0.09305006053037967
conditional_ae,3,path_length_sd,direct_context,0.43754868935823765,0.03083011909391009
conditional_ae,3,path_length_sd,latent_probe,0.6828397874034602,-0.13904735316171588
conditional_ae,3,peak_speed_tracker_units_s_mean,development_constant,11.875679048106917,-0.031971228408443464
conditional_ae,3,peak_speed_tracker_units_s_mean,direct_context,1.734399404616129,0.9760682559025359
conditional_ae,3,peak_speed_tracker_units_s_mean,latent_probe,8.72027813933454,0.16230465294350263
conditional_ae,3,peak_speed_tracker_units_s_sd,development_constant,2.646218813161273,-0.08942194549115734
conditional_ae,3,peak_speed_tracker_units_s_sd,direct_context,1.7073778429041588,0.4666787750204573
conditional_ae,3,peak_speed_tracker_units_s_sd,latent_probe,2.745725412977533,-0.2866128608270065
conditional_ae,8,curvature_index_mean,development_constant,0.015715778847694335,-0.19878522204786497
conditional_ae,8,curvature_index_mean,direct_context,0.008086585024790609,0.10352986469617198
conditional_ae,8,curvature_index_mean,latent_probe,0.015068871763713442,-0.17011045257805488
conditional_ae,8,curvature_index_sd,development_constant,0.054119437963674,-0.1235650321086268
conditional_ae,8,curvature_index_sd,direct_context,0.039296494581096485,-0.11614150886887198
conditional_ae,8,curvature_index_sd,latent_probe,0.054673018866160994,-0.12982355450341262
conditional_ae,8,initiation_time_s_mean,development_constant,0.03038119246223941,-0.11572525170944692
conditional_ae,8,initiation_time_s_mean,direct_context,0.009274765744360845,0.9115361719368679
conditional_ae,8,initiation_time_s_mean,latent_probe,0.01606056705047702,0.6928958201827652
conditional_ae,8,initiation_time_s_sd,development_constant,0.01402803906771552,-0.046102410308510366
conditional_ae,8,initiation_time_s_sd,direct_context,0.010928194745774574,0.4049732329750291
conditional_ae,8,initiation_time_s_sd,latent_probe,0.015022306972922063,-0.18790908214019528
conditional_ae,8,max_lateral_deviation_mean,development_constant,0.2138667539729581,-0.1138153861432658
conditional_ae,8,max_lateral_deviation_mean,direct_context,0.03830300779219764,0.9628798991285201
conditional_ae,8,max_lateral_deviation_mean,latent_probe,0.1677771118028152,0.12211200984437558
conditional_ae,8,max_lateral_deviation_sd,development_constant,0.10394045872296069,-0.2153357528484987
conditional_ae,8,max_lateral_deviation_sd,direct_context,0.06695761603826796,0.27222326617259407
conditional_ae,8,max_lateral_deviation_sd,latent_probe,0.11156125850742289,-0.35127406367076675
conditional_ae,8,movement_time_s_mean,development_constant,0.048762006937175216,-0.09447728304811642
conditional_ae,8,movement_time_s_mean,direct_context,0.011049426775781449,0.924468009833891
conditional_ae,8,movement_time_s_mean,latent_probe,0.04491491729107328,-0.5707076804356369
conditional_ae,8,movement_time_s_sd,development_constant,0.03244078483683542,-0.10032126529847196
conditional_ae,8,movement_time_s_sd,direct_context,0.027879019640692417,0.016574899146142075
conditional_ae,8,movement_time_s_sd,latent_probe,0.0324406837686544,-0.08725767777347888
conditional_ae,8,n_submovements_mean,development_constant,0.06645986803327505,-0.23439231723011722
conditional_ae,8,n_submovements_mean,direct_context,0.021629173314821646,0.8830840832761294
conditional_ae,8,n_submovements_mean,latent_probe,0.06431401314070766,-0.21817303994549123
conditional_ae,8,n_submovements_sd,development_constant,0.13441114364911505,-0.2821818991505536
conditional_ae,8,n_submovements_sd,direct_context,0.07928217167560737,0.49718905993137713
conditional_ae,8,n_submovements_sd,latent_probe,0.13328055623325638,-0.25554230461964944
conditional_ae,8,path_length_mean,development_constant,0.3690595943775106,-0.25916971379885756
conditional_ae,8,path_length_mean,direct_context,0.16235443379203612,0.42588662239596453
conditional_ae,8,path_length_mean,latent_probe,0.3515145132615678,-0.1954777469368015
conditional_ae,8,path_length_sd,development_constant,0.672800730643301,-0.09305006053037967
conditional_ae,8,path_length_sd,direct_context,0.43754868935823765,0.03083011909391009
conditional_ae,8,path_length_sd,latent_probe,0.6848987762591904,-0.10119169172722597
conditional_ae,8,peak_speed_tracker_units_s_mean,development_constant,11.875679048106917,-0.031971228408443464
conditional_ae,8,peak_speed_tracker_units_s_mean,direct_context,1.734399404616129,0.9760682559025359
conditional_ae,8,peak_speed_tracker_units_s_mean,latent_probe,9.517035280788201,0.04890606921335853
conditional_ae,8,peak_speed_tracker_units_s_sd,development_constant,2.646218813161273,-0.08942194549115734
conditional_ae,8,peak_speed_tracker_units_s_sd,direct_context,1.7073778429041588,0.4666787750204573
conditional_ae,8,peak_speed_tracker_units_s_sd,latent_probe,2.441608947500181,-0.0009947954109391273
cvae,3,curvature_index_mean,development_constant,0.015715778847694335,-0.19878522204786497
cvae,3,curvature_index_mean,direct_context,0.008086585024790609,0.10352986469617198
cvae,3,curvature_index_mean,latent_probe,0.01573655444338457,-0.24233272798469238
cvae,3,curvature_index_sd,development_constant,0.054119437963674,-0.1235650321086268
cvae,3,curvature_index_sd,direct_context,0.039296494581096485,-0.11614150886887198
cvae,3,curvature_index_sd,latent_probe,0.05419299601313308,-0.12345152905544825
cvae,3,initiation_time_s_mean,development_constant,0.03038119246223941,-0.11572525170944692
cvae,3,initiation_time_s_mean,direct_context,0.009274765744360845,0.9115361719368679
cvae,3,initiation_time_s_mean,latent_probe,0.014778157736930668,0.7226725232887964
cvae,3,initiation_time_s_sd,development_constant,0.01402803906771552,-0.046102410308510366
cvae,3,initiation_time_s_sd,direct_context,0.010928194745774574,0.4049732329750291
cvae,3,initiation_time_s_sd,latent_probe,0.0137174715855804,-0.010767793792181438
cvae,3,max_lateral_deviation_mean,development_constant,0.2138667539729581,-0.1138153861432658
cvae,3,max_lateral_deviation_mean,direct_context,0.03830300779219764,0.9628798991285201
cvae,3,max_lateral_deviation_mean,latent_probe,0.18834806285052744,0.05988906979200148
cvae,3,max_lateral_deviation_sd,development_constant,0.10394045872296069,-0.2153357528484987
cvae,3,max_lateral_deviation_sd,direct_context,0.06695761603826796,0.27222326617259407
cvae,3,max_lateral_deviation_sd,latent_probe,0.11167024254310769,-0.4262207497727415
cvae,3,movement_time_s_mean,development_constant,0.048762006937175216,-0.09447728304811642
cvae,3,movement_time_s_mean,direct_context,0.011049426775781449,0.924468009833891
cvae,3,movement_time_s_mean,latent_probe,0.0364442219228183,0.026147646610100012
cvae,3,movement_time_s_sd,development_constant,0.03244078483683542,-0.10032126529847196
cvae,3,movement_time_s_sd,direct_context,0.027879019640692417,0.016574899146142075
cvae,3,movement_time_s_sd,latent_probe,0.030950604499547785,-0.10917485153822688
cvae,3,n_submovements_mean,development_constant,0.06645986803327505,-0.23439231723011722
cvae,3,n_submovements_mean,direct_context,0.021629173314821646,0.8830840832761294
cvae,3,n_submovements_mean,latent_probe,0.06774217838799614,-0.3048902112989194
cvae,3,n_submovements_sd,development_constant,0.13441114364911505,-0.2821818991505536
cvae,3,n_submovements_sd,direct_context,0.07928217167560737,0.49718905993137713
cvae,3,n_submovements_sd,latent_probe,0.13867634033388665,-0.35437352428691365
cvae,3,path_length_mean,development_constant,0.3690595943775106,-0.25916971379885756
cvae,3,path_length_mean,direct_context,0.16235443379203612,0.42588662239596453
cvae,3,path_length_mean,latent_probe,0.3857895202418917,-0.3879792255308199
cvae,3,path_length_sd,development_constant,0.672800730643301,-0.09305006053037967
cvae,3,path_length_sd,direct_context,0.43754868935823765,0.03083011909391009
cvae,3,path_length_sd,latent_probe,0.6769962196819842,-0.09871080893541406
cvae,3,peak_speed_tracker_units_s_mean,development_constant,11.875679048106917,-0.031971228408443464
cvae,3,peak_speed_tracker_units_s_mean,direct_context,1.734399404616129,0.9760682559025359
cvae,3,peak_speed_tracker_units_s_mean,latent_probe,7.743536922834447,0.35639773476042924
cvae,3,peak_speed_tracker_units_s_sd,development_constant,2.646218813161273,-0.08942194549115734
cvae,3,peak_speed_tracker_units_s_sd,direct_context,1.7073778429041588,0.4666787750204573
cvae,3,peak_speed_tracker_units_s_sd,latent_probe,2.6266126738925046,-0.10326476579683426
cvae,8,curvature_index_mean,development_constant,0.015715778847694335,-0.19878522204786497
cvae,8,curvature_index_mean,direct_context,0.008086585024790609,0.10352986469617198
cvae,8,curvature_index_mean,latent_probe,0.015725141483867222,-0.21546996511153158
cvae,8,curvature_index_sd,development_constant,0.054119437963674,-0.1235650321086268
cvae,8,curvature_index_sd,direct_context,0.039296494581096485,-0.11614150886887198
cvae,8,curvature_index_sd,latent_probe,0.054569841724521985,-0.1411834958722884
cvae,8,initiation_time_s_mean,development_constant,0.03038119246223941,-0.11572525170944692
cvae,8,initiation_time_s_mean,direct_context,0.009274765744360845,0.9115361719368679
cvae,8,initiation_time_s_mean,latent_probe,0.014711270608806745,0.7067719209634551
cvae,8,initiation_time_s_sd,development_constant,0.01402803906771552,-0.046102410308510366
cvae,8,initiation_time_s_sd,direct_context,0.010928194745774574,0.4049732329750291
cvae,8,initiation_time_s_sd,latent_probe,0.014448567554301581,-0.03155966353925521
cvae,8,max_lateral_deviation_mean,development_constant,0.2138667539729581,-0.1138153861432658
cvae,8,max_lateral_deviation_mean,direct_context,0.03830300779219764,0.9628798991285201
cvae,8,max_lateral_deviation_mean,latent_probe,0.159231909392799,0.31938523693335386
cvae,8,max_lateral_deviation_sd,development_constant,0.10394045872296069,-0.2153357528484987
cvae,8,max_lateral_deviation_sd,direct_context,0.06695761603826796,0.27222326617259407
cvae,8,max_lateral_deviation_sd,latent_probe,0.09988569426607662,-0.21432805629174742
cvae,8,movement_time_s_mean,development_constant,0.048762006937175216,-0.09447728304811642
cvae,8,movement_time_s_mean,direct_context,0.011049426775781449,0.924468009833891
cvae,8,movement_time_s_mean,latent_probe,0.037349244251387366,0.11308166025368116
cvae,8,movement_time_s_sd,development_constant,0.03244078483683542,-0.10032126529847196
cvae,8,movement_time_s_sd,direct_context,0.027879019640692417,0.016574899146142075
cvae,8,movement_time_s_sd,latent_probe,0.03261743915598576,-0.1050809113855417
cvae,8,n_submovements_mean,development_constant,0.06645986803327505,-0.23439231723011722
cvae,8,n_submovements_mean,direct_context,0.021629173314821646,0.8830840832761294
cvae,8,n_submovements_mean,latent_probe,0.06613287621141291,-0.266919663156491
cvae,8,n_submovements_sd,development_constant,0.13441114364911505,-0.2821818991505536
cvae,8,n_submovements_sd,direct_context,0.07928217167560737,0.49718905993137713
cvae,8,n_submovements_sd,latent_probe,0.13371156462333003,-0.2569991435514642
cvae,8,path_length_mean,development_constant,0.3690595943775106,-0.25916971379885756
cvae,8,path_length_mean,direct_context,0.16235443379203612,0.42588662239596453
cvae,8,path_length_mean,latent_probe,0.32983119976299613,-0.1302196343618487
cvae,8,path_length_sd,development_constant,0.672800730643301,-0.09305006053037967
cvae,8,path_length_sd,direct_context,0.43754868935823765,0.03083011909391009
cvae,8,path_length_sd,latent_probe,0.6891981333561322,-0.11393867241227033
cvae,8,peak_speed_tracker_units_s_mean,development_constant,11.875679048106917,-0.031971228408443464
cvae,8,peak_speed_tracker_units_s_mean,direct_context,1.734399404616129,0.9760682559025359
cvae,8,peak_speed_tracker_units_s_mean,latent_probe,8.763032772648044,0.3203079141817339
cvae,8,peak_speed_tracker_units_s_sd,development_constant,2.646218813161273,-0.08942194549115734
cvae,8,peak_speed_tracker_units_s_sd,direct_context,1.7073778429041588,0.4666787750204573
cvae,8,peak_speed_tracker_units_s_sd,latent_probe,2.4411702581548855,0.006947767675542578
spline_pca,3,curvature_index_mean,development_constant,0.015715778847694335,-0.19878522204786497
spline_pca,3,curvature_index_mean,direct_context,0.008086585024790609,0.10352986469617198
spline_pca,3,curvature_index_mean,latent_probe,0.016310264229277515,-0.29500148266307913
spline_pca,3,curvature_index_sd,development_constant,0.054119437963674,-0.1235650321086268
spline_pca,3,curvature_index_sd,direct_context,0.039296494581096485,-0.11614150886887198
spline_pca,3,curvature_index_sd,latent_probe,0.053105543452050596,-0.10965263583866958
spline_pca,3,initiation_time_s_mean,development_constant,0.03038119246223941,-0.11572525170944692
spline_pca,3,initiation_time_s_mean,direct_context,0.009274765744360845,0.911536171936868
spline_pca,3,initiation_time_s_mean,latent_probe,0.01692248390811494,0.6238208590278886
spline_pca,3,initiation_time_s_sd,development_constant,0.01402803906771552,-0.046102410308510366
spline_pca,3,initiation_time_s_sd,direct_context,0.010928194745774574,0.4049732329750291
spline_pca,3,initiation_time_s_sd,latent_probe,0.012526588422658065,0.0883908132094613
spline_pca,3,max_lateral_deviation_mean,development_constant,0.21386675397295812,-0.1138153861432658
spline_pca,3,max_lateral_deviation_mean,direct_context,0.03830300779219764,0.9628798991285201
spline_pca,3,max_lateral_deviation_mean,latent_probe,0.2208242330339161,-0.22725872695651872
spline_pca,3,max_lateral_deviation_sd,development_constant,0.10394045872296068,-0.2153357528484987
spline_pca,3,max_lateral_deviation_sd,direct_context,0.06695761603826796,0.27222326617259407
spline_pca,3,max_lateral_deviation_sd,latent_probe,0.11647162801962874,-0.3489213549085697
spline_pca,3,movement_time_s_mean,development_constant,0.048762006937175216,-0.09447728304811642
spline_pca,3,movement_time_s_mean,direct_context,0.011049426775781449,0.924468009833891
spline_pca,3,movement_time_s_mean,latent_probe,0.03189287841962933,0.35190288854835317
spline_pca,3,movement_time_s_sd,development_constant,0.03244078483683542,-0.10032126529847196
spline_pca,3,movement_time_s_sd,direct_context,0.027879019640692417,0.016574899146142075
spline_pca,3,movement_time_s_sd,latent_probe,0.02887779576869564,0.02517167243079632
spline_pca,3,n_submovements_mean,development_constant,0.06645986803327505,-0.23439231723011722
spline_pca,3,n_submovements_mean,direct_context,0.021629173314821646,0.8830840832761294
spline_pca,3,n_submovements_mean,latent_probe,0.06911585912153942,-0.2806236134201445
spline_pca,3,n_submovements_sd,development_constant,0.13441114364911505,-0.2821818991505536
spline_pca,3,n_submovements_sd,direct_context,0.07928217167560737,0.4971890599313772
spline_pca,3,n_submovements_sd,latent_probe,0.13577448877832665,-0.23716725085308288
spline_pca,3,path_length_mean,development_constant,0.3690595943775106,-0.25916971379885756
spline_pca,3,path_length_mean,direct_context,0.16235443379203612,0.42588662239596453
spline_pca,3,path_length_mean,latent_probe,0.3834158333478695,-0.24586841129022363
spline_pca,3,path_length_sd,development_constant,0.672800730643301,-0.09305006053037967
spline_pca,3,path_length_sd,direct_context,0.43754868935823765,0.03083011909391009
spline_pca,3,path_length_sd,latent_probe,0.6441562663879484,-0.05994419273858953
spline_pca,3,peak_speed_tracker_units_s_mean,development_constant,11.875679048106917,-0.031971228408443464
spline_pca,3,peak_speed_tracker_units_s_mean,direct_context,1.734399404616129,0.976068255902536
spline_pca,3,peak_speed_tracker_units_s_mean,latent_probe,7.602248858472832,0.43343718480188353
spline_pca,3,peak_speed_tracker_units_s_sd,development_constant,2.646218813161273,-0.08942194549115734
spline_pca,3,peak_speed_tracker_units_s_sd,direct_context,1.7073778429041586,0.4666787750204573
spline_pca,3,peak_speed_tracker_units_s_sd,latent_probe,2.552271998061321,-0.035895796292256144
spline_pca,8,curvature_index_mean,development_constant,0.015715778847694335,-0.19878522204786497
spline_pca,8,curvature_index_mean,direct_context,0.008086585024790609,0.10352986469617198
spline_pca,8,curvature_index_mean,latent_probe,0.016432451148442828,-0.30907004723389475
spline_pca,8,curvature_index_sd,development_constant,0.054119437963674,-0.1235650321086268
spline_pca,8,curvature_index_sd,direct_context,0.039296494581096485,-0.11614150886887198
spline_pca,8,curvature_index_sd,latent_probe,0.05371796168379752,-0.14428415961743957
spline_pca,8,initiation_time_s_mean,development_constant,0.03038119246223941,-0.11572525170944692
spline_pca,8,initiation_time_s_mean,direct_context,0.009274765744360845,0.911536171936868
spline_pca,8,initiation_time_s_mean,latent_probe,0.02213934133666872,0.05843089238184185
spline_pca,8,initiation_time_s_sd,development_constant,0.01402803906771552,-0.046102410308510366
spline_pca,8,initiation_time_s_sd,direct_context,0.010928194745774574,0.4049732329750291
spline_pca,8,initiation_time_s_sd,latent_probe,0.012574035789800462,0.030614815102546045
spline_pca,8,max_lateral_deviation_mean,development_constant,0.21386675397295812,-0.1138153861432658
spline_pca,8,max_lateral_deviation_mean,direct_context,0.03830300779219764,0.9628798991285201
spline_pca,8,max_lateral_deviation_mean,latent_probe,0.18143701789603833,0.09603342771597223
spline_pca,8,max_lateral_deviation_sd,development_constant,0.10394045872296068,-0.2153357528484987
spline_pca,8,max_lateral_deviation_sd,direct_context,0.06695761603826796,0.27222326617259407
spline_pca,8,max_lateral_deviation_sd,latent_probe,0.10393371991756266,-0.2770310548346393
spline_pca,8,movement_time_s_mean,development_constant,0.048762006937175216,-0.09447728304811642
spline_pca,8,movement_time_s_mean,direct_context,0.011049426775781449,0.924468009833891
spline_pca,8,movement_time_s_mean,latent_probe,0.04328110529150373,-0.435758875029131
spline_pca,8,movement_time_s_sd,development_constant,0.03244078483683542,-0.10032126529847196
spline_pca,8,movement_time_s_sd,direct_context,0.027879019640692417,0.016574899146142075
spline_pca,8,movement_time_s_sd,latent_probe,0.03336965228925577,-0.17237956787375297
spline_pca,8,n_submovements_mean,development_constant,0.06645986803327505,-0.23439231723011722
spline_pca,8,n_submovements_mean,direct_context,0.021629173314821646,0.8830840832761294
spline_pca,8,n_submovements_mean,latent_probe,0.07003876767506778,-0.3467425566119655
spline_pca,8,n_submovements_sd,development_constant,0.13441114364911505,-0.2821818991505536
spline_pca,8,n_submovements_sd,direct_context,0.07928217167560737,0.4971890599313772
spline_pca,8,n_submovements_sd,latent_probe,0.1334737759413208,-0.20487429110661948
spline_pca,8,path_length_mean,development_constant,0.3690595943775106,-0.25916971379885756
spline_pca,8,path_length_mean,direct_context,0.16235443379203612,0.42588662239596453
spline_pca,8,path_length_mean,latent_probe,0.3350583745778374,-0.07711969020265497
spline_pca,8,path_length_sd,development_constant,0.672800730643301,-0.09305006053037967
spline_pca,8,path_length_sd,direct_context,0.43754868935823765,0.03083011909391009
spline_pca,8,path_length_sd,latent_probe,0.6647825223262862,-0.0910324753780214
spline_pca,8,peak_speed_tracker_units_s_mean,development_constant,11.875679048106917,-0.031971228408443464
spline_pca,8,peak_speed_tracker_units_s_mean,direct_context,1.734399404616129,0.976068255902536
spline_pca,8,peak_speed_tracker_units_s_mean,latent_probe,8.89009428095559,0.09425876470202987
spline_pca,8,peak_speed_tracker_units_s_sd,development_constant,2.646218813161273,-0.08942194549115734
spline_pca,8,peak_speed_tracker_units_s_sd,direct_context,1.7073778429041586,0.4666787750204573
spline_pca,8,peak_speed_tracker_units_s_sd,latent_probe,2.516611442488198,-0.3039032838425759
unconditional_vae,3,curvature_index_mean,development_constant,0.015715778847694335,-0.19878522204786497
unconditional_vae,3,curvature_index_mean,direct_context,0.008086585024790609,0.10352986469617198
unconditional_vae,3,curvature_index_mean,latent_probe,0.015025094066781174,-0.19789767493843202
unconditional_vae,3,curvature_index_sd,development_constant,0.054119437963674,-0.1235650321086268
unconditional_vae,3,curvature_index_sd,direct_context,0.039296494581096485,-0.11614150886887198
unconditional_vae,3,curvature_index_sd,latent_probe,0.05426678049761824,-0.11846478430619463
unconditional_vae,3,initiation_time_s_mean,development_constant,0.03038119246223941,-0.11572525170944692
unconditional_vae,3,initiation_time_s_mean,direct_context,0.009274765744360845,0.9115361719368679
unconditional_vae,3,initiation_time_s_mean,latent_probe,0.014042487832697086,0.7336442243186347
unconditional_vae,3,initiation_time_s_sd,development_constant,0.01402803906771552,-0.046102410308510366
unconditional_vae,3,initiation_time_s_sd,direct_context,0.010928194745774574,0.4049732329750291
unconditional_vae,3,initiation_time_s_sd,latent_probe,0.013716203466498456,-0.01494093673433916
unconditional_vae,3,max_lateral_deviation_mean,development_constant,0.2138667539729581,-0.1138153861432658
unconditional_vae,3,max_lateral_deviation_mean,direct_context,0.03830300779219764,0.9628798991285201
unconditional_vae,3,max_lateral_deviation_mean,latent_probe,0.1909764528774884,0.059613804146679016
unconditional_vae,3,max_lateral_deviation_sd,development_constant,0.10394045872296069,-0.2153357528484987
unconditional_vae,3,max_lateral_deviation_sd,direct_context,0.06695761603826796,0.27222326617259407
unconditional_vae,3,max_lateral_deviation_sd,latent_probe,0.11017763796731188,-0.3512201617261365
unconditional_vae,3,movement_time_s_mean,development_constant,0.048762006937175216,-0.09447728304811642
unconditional_vae,3,movement_time_s_mean,direct_context,0.011049426775781449,0.924468009833891
unconditional_vae,3,movement_time_s_mean,latent_probe,0.034451906523709344,0.1583029581975877
unconditional_vae,3,movement_time_s_sd,development_constant,0.03244078483683542,-0.10032126529847196
unconditional_vae,3,movement_time_s_sd,direct_context,0.027879019640692417,0.016574899146142075
unconditional_vae,3,movement_time_s_sd,latent_probe,0.02867333959511598,0.014792627835961617
unconditional_vae,3,n_submovements_mean,development_constant,0.06645986803327505,-0.23439231723011722
unconditional_vae,3,n_submovements_mean,direct_context,0.021629173314821646,0.8830840832761294
unconditional_vae,3,n_submovements_mean,latent_probe,0.06568043205695352,-0.22876591407264946
unconditional_vae,3,n_submovements_sd,development_constant,0.13441114364911505,-0.2821818991505536
unconditional_vae,3,n_submovements_sd,direct_context,0.07928217167560737,0.49718905993137713
unconditional_vae,3,n_submovements_sd,latent_probe,0.1374844560328279,-0.2797697623841154
unconditional_vae,3,path_length_mean,development_constant,0.3690595943775106,-0.25916971379885756
unconditional_vae,3,path_length_mean,direct_context,0.16235443379203612,0.42588662239596453
unconditional_vae,3,path_length_mean,latent_probe,0.3704762085336604,-0.279738527804916
unconditional_vae,3,path_length_sd,development_constant,0.672800730643301,-0.09305006053037967
unconditional_vae,3,path_length_sd,direct_context,0.43754868935823765,0.03083011909391009
unconditional_vae,3,path_length_sd,latent_probe,0.6756884347083337,-0.09427623729930439
unconditional_vae,3,peak_speed_tracker_units_s_mean,development_constant,11.875679048106917,-0.031971228408443464
unconditional_vae,3,peak_speed_tracker_units_s_mean,direct_context,1.734399404616129,0.9760682559025359
unconditional_vae,3,peak_speed_tracker_units_s_mean,latent_probe,8.131935752692904,0.34248661891931986
unconditional_vae,3,peak_speed_tracker_units_s_sd,development_constant,2.646218813161273,-0.08942194549115734
unconditional_vae,3,peak_speed_tracker_units_s_sd,direct_context,1.7073778429041588,0.4666787750204573
unconditional_vae,3,peak_speed_tracker_units_s_sd,latent_probe,2.587029645737264,-0.09166206723570151
unconditional_vae,8,curvature_index_mean,development_constant,0.015715778847694335,-0.19878522204786497
unconditional_vae,8,curvature_index_mean,direct_context,0.008086585024790609,0.10352986469617198
unconditional_vae,8,curvature_index_mean,latent_probe,0.015336651375777713,-0.18630710928634012
unconditional_vae,8,curvature_index_sd,development_constant,0.054119437963674,-0.1235650321086268
unconditional_vae,8,curvature_index_sd,direct_context,0.039296494581096485,-0.11614150886887198
unconditional_vae,8,curvature_index_sd,latent_probe,0.05450200340731191,-0.14056024006201842
unconditional_vae,8,initiation_time_s_mean,development_constant,0.03038119246223941,-0.11572525170944692
unconditional_vae,8,initiation_time_s_mean,direct_context,0.009274765744360845,0.9115361719368679
unconditional_vae,8,initiation_time_s_mean,latent_probe,0.01717267648129049,0.6006751181401249
unconditional_vae,8,initiation_time_s_sd,development_constant,0.01402803906771552,-0.046102410308510366
unconditional_vae,8,initiation_time_s_sd,direct_context,0.010928194745774574,0.4049732329750291
unconditional_vae,8,initiation_time_s_sd,latent_probe,0.014601645452812397,-0.04361036912159614
unconditional_vae,8,max_lateral_deviation_mean,development_constant,0.2138667539729581,-0.1138153861432658
unconditional_vae,8,max_lateral_deviation_mean,direct_context,0.03830300779219764,0.9628798991285201
unconditional_vae,8,max_lateral_deviation_mean,latent_probe,0.17092485782426517,0.1980957063409139
unconditional_vae,8,max_lateral_deviation_sd,development_constant,0.10394045872296069,-0.2153357528484987
unconditional_vae,8,max_lateral_deviation_sd,direct_context,0.06695761603826796,0.27222326617259407
unconditional_vae,8,max_lateral_deviation_sd,latent_probe,0.10035738320403849,-0.22186916821506034
unconditional_vae,8,movement_time_s_mean,development_constant,0.048762006937175216,-0.09447728304811642
unconditional_vae,8,movement_time_s_mean,direct_context,0.011049426775781449,0.924468009833891
unconditional_vae,8,movement_time_s_mean,latent_probe,0.03539436353075102,0.19974631647027077
unconditional_vae,8,movement_time_s_sd,development_constant,0.03244078483683542,-0.10032126529847196
unconditional_vae,8,movement_time_s_sd,direct_context,0.027879019640692417,0.016574899146142075
unconditional_vae,8,movement_time_s_sd,latent_probe,0.03294536617983965,-0.11143168402020558
unconditional_vae,8,n_submovements_mean,development_constant,0.06645986803327505,-0.23439231723011722
unconditional_vae,8,n_submovements_mean,direct_context,0.021629173314821646,0.8830840832761294
unconditional_vae,8,n_submovements_mean,latent_probe,0.06664379715419867,-0.2619764081303706
unconditional_vae,8,n_submovements_sd,development_constant,0.13441114364911505,-0.2821818991505536
unconditional_vae,8,n_submovements_sd,direct_context,0.07928217167560737,0.49718905993137713
unconditional_vae,8,n_submovements_sd,latent_probe,0.1360625535751331,-0.2790348076615656
unconditional_vae,8,path_length_mean,development_constant,0.3690595943775106,-0.25916971379885756
unconditional_vae,8,path_length_mean,direct_context,0.16235443379203612,0.42588662239596453
unconditional_vae,8,path_length_mean,latent_probe,0.3239888555918463,-0.08781808931415543
unconditional_vae,8,path_length_sd,development_constant,0.672800730643301,-0.09305006053037967
unconditional_vae,8,path_length_sd,direct_context,0.43754868935823765,0.03083011909391009
unconditional_vae,8,path_length_sd,latent_probe,0.6966205310734609,-0.1194724804264257
unconditional_vae,8,peak_speed_tracker_units_s_mean,development_constant,11.875679048106917,-0.031971228408443464
unconditional_vae,8,peak_speed_tracker_units_s_mean,direct_context,1.734399404616129,0.9760682559025359
unconditional_vae,8,peak_speed_tracker_units_s_mean,latent_probe,8.691391065575473,0.3158253688384672
unconditional_vae,8,peak_speed_tracker_units_s_sd,development_constant,2.646218813161273,-0.08942194549115734
unconditional_vae,8,peak_speed_tracker_units_s_sd,direct_context,1.7073778429041588,0.4666787750204573
unconditional_vae,8,peak_speed_tracker_units_s_sd,latent_probe,2.354197194943465,0.08408780510060399
