dim,model_a,model_b,metric,n,mean_a,mean_b,mean_b_minus_a,median_b_minus_a,a_better_n,b_better_n,p,q_bh_140,p_holm_140
3,cvae,conditional_ae,trajectory_mse,28,0.17698055415872574,0.16966130228738585,-0.00731925187133991,-0.000768745148731792,14,14,0.3052256628870964,0.36837580003615084,1.0
3,cvae,conditional_ae,movement_time_mae_ms,28,43.44576988035641,44.086818206245816,0.6410483258894208,0.26659262203495615,17,11,0.12562106549739838,0.16749475399653116,1.0
3,cvae,conditional_ae,initiation_time_mae_ms,28,37.83163642461849,37.75281642091936,-0.07882000369912502,0.23839555615226438,18,10,0.6295278295874596,0.6840148303593016,1.0
3,cvae,conditional_ae,mean_ks,28,0.27779451273687794,0.2875782467460615,0.009783734009183555,0.008982616426436607,20,8,0.05638675391674042,0.08309626892993324,1.0
3,cvae,conditional_ae,ks_n_submovements,28,0.04970399402395741,0.04780704837701176,-0.00189694564694565,0.0,12,13,0.6302708079739279,0.6840148303593016,1.0
3,cvae,conditional_ae,energy_distance,28,0.7454307783136663,0.8014886680346697,0.05605788972100332,0.06083194186316873,22,6,0.014598868787288666,0.024331447978814445,0.8324288657966287
3,cvae,conditional_ae,mmd_rbf,28,0.13093505803964908,0.14141003392147808,0.010474975881829055,0.013275413577651699,20,8,0.028050199151039124,0.04363364312383864,1.0
3,cvae,unconditional_vae,trajectory_mse,28,0.17698055415872574,0.14829944149161972,-0.028681112667106025,-0.011394618988388484,6,22,0.0008751451969146729,0.001633604367574056,0.05775958299636841
3,cvae,unconditional_vae,movement_time_mae_ms,28,43.44576988035641,42.90838283872696,-0.5373870416294497,-0.18299845370370704,13,15,0.35016296058893204,0.4154475803597499,1.0
3,cvae,unconditional_vae,initiation_time_mae_ms,28,37.83163642461849,37.9167631577615,0.08512673314301937,-1.0119803891989072,8,20,0.06981273740530014,0.09773783236742019,1.0
3,cvae,unconditional_vae,mean_ks,28,0.27779451273687794,0.28458734333440366,0.006792830597525683,0.007281144781144722,20,8,0.014352221824079804,0.024208566932182804,0.8324288657966287
3,cvae,unconditional_vae,ks_n_submovements,28,0.04970399402395741,0.051973435392235985,0.0022694413682785787,0.00029069767441862026,15,9,0.18194541139947396,0.23805941678435844,1.0
3,cvae,unconditional_vae,energy_distance,28,0.7454307783136663,0.7475664183202901,0.0021356400066239963,-5.915022178754059e-06,14,14,0.9910601079463959,0.9910601079463959,1.0
3,cvae,unconditional_vae,mmd_rbf,28,0.13093505803964908,0.13029801153992226,-0.0006370464997267506,-9.988835267737972e-05,13,15,0.9374814853072166,0.9442259564245347,1.0
3,cvae,spline_pca,trajectory_mse,28,0.17698055415872574,0.09725526191949685,-0.07972529223922889,-0.04582591161643259,6,22,9.395182132720947e-06,2.798564890597729e-05,0.0009019374847412109
3,cvae,spline_pca,movement_time_mae_ms,28,43.44576988035641,51.159554442627496,7.713784562271091,4.074454326784274,24,4,3.17990779876709e-05,8.399756449573445e-05,0.00283011794090271
3,cvae,spline_pca,initiation_time_mae_ms,28,37.83163642461849,56.155012384961005,18.32337596034251,16.120226496233887,27,1,1.4901161193847656e-08,8.692344029744466e-08,1.773238182067871e-06
3,cvae,spline_pca,mean_ks,28,0.27779451273687794,0.3251255882887887,0.04733107555191075,0.04579124579124577,26,2,3.203749656677246e-07,1.5466377652924636e-06,3.5881996154785156e-05
3,cvae,spline_pca,ks_n_submovements,28,0.04970399402395741,0.05348229474993255,0.0037783007259751416,-0.002777777777777798,12,15,0.8463800411049541,0.871273571725688,1.0
3,cvae,spline_pca,energy_distance,28,0.7454307783136663,0.9774327846489691,0.232002006335303,0.17559796195855754,24,4,4.2110681533813477e-05,0.00010527670383453369,0.003621518611907959
3,cvae,spline_pca,mmd_rbf,28,0.13093505803964908,0.18146673357380647,0.05053167553415745,0.05085045928664425,24,4,7.964670658111572e-06,2.5342133912173182e-05,0.0007805377244949341
3,cvae,condition_ridge,trajectory_mse,28,0.17698055415872574,1.233795234249236,1.0568146800905105,0.9478217174669765,28,0,7.450580596923828e-09,4.967053731282552e-08,1.043081283569336e-06
3,cvae,condition_ridge,movement_time_mae_ms,28,43.44576988035641,72.72383048287865,29.27806060252224,24.51407784967067,28,0,7.450580596923828e-09,4.967053731282552e-08,1.043081283569336e-06
3,cvae,condition_ridge,initiation_time_mae_ms,28,37.83163642461849,98.48968474630635,60.65804832168788,56.88600676731575,28,0,7.450580596923828e-09,4.967053731282552e-08,1.043081283569336e-06
3,cvae,condition_ridge,mean_ks,28,0.27779451273687794,0.27726443496584474,-0.0005300777710331905,0.0031731169371618656,15,13,0.6244159356002699,0.6840148303593016,1.0
3,cvae,condition_ridge,ks_n_submovements,28,0.04970399402395741,0.06094080845844624,0.011236814434488842,0.009259259259259248,16,12,0.12412951802026724,0.16709742810420591,1.0
3,cvae,condition_ridge,energy_distance,28,0.7454307783136663,0.8187217963389594,0.07329101802529303,0.03975295990213673,16,12,0.5670346617698669,0.635078821182251,1.0
3,cvae,condition_ridge,mmd_rbf,28,0.13093505803964908,0.12585372616609777,-0.005081331873551277,-0.0009410026562681126,14,14,0.6136380508542061,0.6818200565046735,1.0
3,conditional_ae,unconditional_vae,trajectory_mse,28,0.16966130228738585,0.14829944149161972,-0.021361860795766106,-0.0048683414822221945,8,20,0.02322421222925186,0.03694761036471887,1.0
3,conditional_ae,unconditional_vae,movement_time_mae_ms,28,44.086818206245816,42.90838283872696,-1.1784353675188706,-0.9534099459009635,10,18,0.0007921457290649414,0.001498654082014754,0.05319253005098748
3,conditional_ae,unconditional_vae,initiation_time_mae_ms,28,37.75281642091936,37.9167631577615,0.16394673684214428,-1.3536205833480395,8,20,0.017886914312839508,0.029118232602296873,0.9837802872061729
3,conditional_ae,unconditional_vae,mean_ks,28,0.2875782467460615,0.28458734333440366,-0.0029909034116578697,-0.00022036847879541854,13,15,0.732665168036112,0.7830009429393564,1.0
3,conditional_ae,unconditional_vae,ks_n_submovements,28,0.04780704837701176,0.051973435392235985,0.0041663870152242296,0.0,13,9,0.39635944072693485,0.45859770001463535,1.0
3,conditional_ae,unconditional_vae,energy_distance,28,0.8014886680346697,0.7475664183202901,-0.05392224971437932,-0.05581878272145707,8,20,0.021778732538223267,0.03504623626840526,1.0
3,conditional_ae,unconditional_vae,mmd_rbf,28,0.14141003392147808,0.13029801153992226,-0.011112022381555802,-0.011363672881008216,8,20,0.01362369954586029,0.023259974834395618,0.8037982732057571
3,conditional_ae,spline_pca,trajectory_mse,28,0.16966130228738585,0.09725526191949685,-0.072406040367889,-0.039971534498598776,3,25,2.7641654014587402e-06,1.074953211678399e-05,0.0002902373671531677
3,conditional_ae,spline_pca,movement_time_mae_ms,28,44.086818206245816,51.159554442627496,7.072736236381671,3.357666311073224,19,9,0.0015547871589660645,0.002790643618657039,0.09795159101486206
3,conditional_ae,spline_pca,initiation_time_mae_ms,28,37.75281642091936,56.155012384961005,18.402195964041635,18.224054846965707,27,1,1.4901161193847656e-08,8.692344029744466e-08,1.773238182067871e-06
3,conditional_ae,spline_pca,mean_ks,28,0.2875782467460615,0.3251255882887887,0.03754734154272721,0.040235690235690263,25,3,4.830211400985718e-05,0.0001186367712522808,0.004057377576828003
3,conditional_ae,spline_pca,ks_n_submovements,28,0.04780704837701176,0.05348229474993255,0.005675246372920789,0.0,13,13,0.5533491579206133,0.6247490492652087,1.0
3,conditional_ae,spline_pca,energy_distance,28,0.8014886680346697,0.9774327846489691,0.17594411661429962,0.08593829391558425,18,10,0.007071197032928467,0.012221822032222041,0.424271821975708
3,conditional_ae,spline_pca,mmd_rbf,28,0.14141003392147808,0.18146673357380647,0.0400566996523284,0.028145278648586763,24,4,7.204711437225342e-05,0.000168109933535258,0.00590786337852478
3,conditional_ae,condition_ridge,trajectory_mse,28,0.16966130228738585,1.233795234249236,1.0641339319618504,0.9622304006868456,28,0,7.450580596923828e-09,4.967053731282552e-08,1.043081283569336e-06
3,conditional_ae,condition_ridge,movement_time_mae_ms,28,44.086818206245816,72.72383048287865,28.637012276632824,25.01329757899608,28,0,7.450580596923828e-09,4.967053731282552e-08,1.043081283569336e-06
3,conditional_ae,condition_ridge,initiation_time_mae_ms,28,37.75281642091936,98.48968474630635,60.736868325387,59.61087079203845,28,0,7.450580596923828e-09,4.967053731282552e-08,1.043081283569336e-06
3,conditional_ae,condition_ridge,mean_ks,28,0.2875782467460615,0.27726443496584474,-0.010313811780216743,-0.01287878787878785,11,17,0.22310594968317432,0.2839530268694946,1.0
3,conditional_ae,condition_ridge,ks_n_submovements,28,0.04780704837701176,0.06094080845844624,0.013133760081434492,0.004587542087542083,19,9,0.05719137475606755,0.08340408818593184,1.0
3,conditional_ae,condition_ridge,energy_distance,28,0.8014886680346697,0.8187217963389594,0.01723312830428973,-0.003002007854722155,14,14,0.831373319029808,0.8621649234383194,1.0
3,conditional_ae,condition_ridge,mmd_rbf,28,0.14141003392147808,0.12585372616609777,-0.015556307755380335,-0.017631335838316328,11,17,0.15023531019687653,0.19842399459964824,1.0
3,unconditional_vae,spline_pca,trajectory_mse,28,0.14829944149161972,0.09725526191949685,-0.05104417957212289,-0.03959847102335881,6,22,2.7544796466827393e-05,7.561316677168303e-05,0.0024790316820144653
3,unconditional_vae,spline_pca,movement_time_mae_ms,28,42.90838283872696,51.159554442627496,8.25117160390054,3.6357623495667735,23,5,2.380460500717163e-05,6.665289402008057e-05,0.0021662190556526184
3,unconditional_vae,spline_pca,initiation_time_mae_ms,28,37.9167631577615,56.155012384961005,18.23824922719949,17.039723645818725,26,2,9.395182132720947e-06,2.798564890597729e-05,0.0009019374847412109
3,unconditional_vae,spline_pca,mean_ks,28,0.28458734333440366,0.3251255882887887,0.04053824495438507,0.040067340067340085,25,3,7.964670658111572e-06,2.5342133912173182e-05,0.0007805377244949341
3,unconditional_vae,spline_pca,ks_n_submovements,28,0.051973435392235985,0.05348229474993255,0.0015088593576965614,-0.004166666666666676,10,15,0.6728067568135493,0.7245611227222838,1.0
3,unconditional_vae,spline_pca,energy_distance,28,0.7475664183202901,0.9774327846489691,0.22986636632867902,0.1844165470639542,24,4,4.2110681533813477e-05,0.00010527670383453369,0.003621518611907959
3,unconditional_vae,spline_pca,mmd_rbf,28,0.13029801153992226,0.18146673357380647,0.051168722033884194,0.05420794660040994,24,4,9.395182132720947e-06,2.798564890597729e-05,0.0009019374847412109
3,unconditional_vae,condition_ridge,trajectory_mse,28,0.14829944149161972,1.233795234249236,1.0854957927576163,0.9776533845344988,28,0,7.450580596923828e-09,4.967053731282552e-08,1.043081283569336e-06
3,unconditional_vae,condition_ridge,movement_time_mae_ms,28,42.90838283872696,72.72383048287865,29.815447644151693,26.564346186603025,28,0,7.450580596923828e-09,4.967053731282552e-08,1.043081283569336e-06
3,unconditional_vae,condition_ridge,initiation_time_mae_ms,28,37.9167631577615,98.48968474630635,60.572921588544844,60.45244971320386,28,0,7.450580596923828e-09,4.967053731282552e-08,1.043081283569336e-06
3,unconditional_vae,condition_ridge,mean_ks,28,0.28458734333440366,0.27726443496584474,-0.007322908368558874,-0.010816498316498294,12,16,0.31088767302760467,0.372002343793715,1.0
3,unconditional_vae,condition_ridge,ks_n_submovements,28,0.051973435392235985,0.06094080845844624,0.00896737306621026,0.008333333333333338,17,11,0.249808345544001,0.30949706527575344,1.0
3,unconditional_vae,condition_ridge,energy_distance,28,0.7475664183202901,0.8187217963389594,0.07115537801866906,0.03172294810616769,15,13,0.5075842142105103,0.5777381299957027,1.0
3,unconditional_vae,condition_ridge,mmd_rbf,28,0.13029801153992226,0.12585372616609777,-0.004444285373824528,0.0015749245876626947,15,13,0.831373319029808,0.8621649234383194,1.0
3,spline_pca,condition_ridge,trajectory_mse,28,0.09725526191949685,1.233795234249236,1.1365399723297391,1.0029343517714595,28,0,7.450580596923828e-09,4.967053731282552e-08,1.043081283569336e-06
3,spline_pca,condition_ridge,movement_time_mae_ms,28,51.159554442627496,72.72383048287865,21.564276040251155,20.889613157260754,27,1,5.21540641784668e-08,2.60770320892334e-07,5.997717380523682e-06
3,spline_pca,condition_ridge,initiation_time_mae_ms,28,56.155012384961005,98.48968474630635,42.33467236134537,38.320835053278095,28,0,7.450580596923828e-09,4.967053731282552e-08,1.043081283569336e-06
3,spline_pca,condition_ridge,mean_ks,28,0.3251255882887887,0.27726443496584474,-0.04786115332294395,-0.06485690235690231,5,23,0.0010645166039466858,0.001960951638849158,0.06919357925653458
3,spline_pca,condition_ridge,ks_n_submovements,28,0.05348229474993255,0.06094080845844624,0.0074585137085137,0.0069444444444444475,19,9,0.041413644506479025,0.061679896073479394,1.0
3,spline_pca,condition_ridge,energy_distance,28,0.9774327846489691,0.8187217963389594,-0.1587109883100099,-0.09508340465929938,9,19,0.024749115109443665,0.038931192306990034,1.0
3,spline_pca,condition_ridge,mmd_rbf,28,0.18146673357380647,0.12585372616609777,-0.055613007407708734,-0.05002461571367625,6,22,0.0003418475389480591,0.0006936037022134533,0.025296717882156372
8,cvae,conditional_ae,trajectory_mse,28,0.032481218415279414,0.025967813006904344,-0.006513405408375075,-0.005279543854231497,1,27,3.725290298461914e-08,2.086162567138672e-07,4.32133674621582e-06
8,cvae,conditional_ae,movement_time_mae_ms,28,44.16257585361092,42.666967655561436,-1.495608198049485,1.0573716666666648,17,11,0.3052256628870964,0.36837580003615084,1.0
8,cvae,conditional_ae,initiation_time_mae_ms,28,34.83709506602474,39.87227959146922,5.035184525444485,2.2119233035783274,24,4,0.0003418475389480591,0.0006936037022134533,0.025296717882156372
8,cvae,conditional_ae,mean_ks,28,0.21940400159869472,0.25868621572590966,0.039282214127214964,0.03754208754208754,22,6,0.0003059804439544678,0.000659034802363469,0.02325451374053955
8,cvae,conditional_ae,ks_n_submovements,28,0.05020848522612303,0.05944369446133224,0.009235209235209227,0.0027777777777778,14,11,0.1897807574785736,0.24601209302778057,1.0
8,cvae,conditional_ae,energy_distance,28,0.43045115897281766,0.6202242242032429,0.18977306523042525,0.1597313311543925,22,6,0.0004729032516479492,0.0009458065032958984,0.033576130867004395
8,cvae,conditional_ae,mmd_rbf,28,0.06749342391175364,0.11113481142118391,0.04364138750943029,0.0394783526602883,23,5,0.0001721307635307312,0.00038251280784606934,0.013598330318927765
8,cvae,unconditional_vae,trajectory_mse,28,0.032481218415279414,0.033486992496304886,0.001005774081025467,-0.00020168079793589713,13,15,0.9196710959076881,0.9398098790297544,1.0
8,cvae,unconditional_vae,movement_time_mae_ms,28,44.16257585361092,42.20518171259946,-1.9573941410114621,0.032883000000005325,14,14,0.38639477640390396,0.45079390580455464,1.0
8,cvae,unconditional_vae,initiation_time_mae_ms,28,34.83709506602474,35.98264219997669,1.145547133951953,0.27627222753225134,16,12,0.26417163759469986,0.3244213093268244,1.0
8,cvae,unconditional_vae,mean_ks,28,0.21940400159869472,0.21512115987954522,-0.00428284171914953,-0.0019781144781144816,13,15,0.0987313843820622,0.13685538429196742,1.0
8,cvae,unconditional_vae,ks_n_submovements,28,0.05020848522612303,0.0505812605988984,0.0003727753727753741,0.0004629629629629836,14,11,0.8284577962369739,0.8621649234383194,1.0
8,cvae,unconditional_vae,energy_distance,28,0.43045115897281766,0.41101443319731873,-0.019436725775498858,-0.021440049405271444,9,19,0.01563260704278946,0.025747823364594403,0.8754259943962097
8,cvae,unconditional_vae,mmd_rbf,28,0.06749342391175364,0.06388130250594579,-0.003612121405807867,-0.0036591110107834154,10,18,0.033681392669677734,0.0518175271841196,1.0
8,cvae,spline_pca,trajectory_mse,28,0.032481218415279414,0.022772415541801733,-0.009708802873477683,-0.010414473488385118,4,24,0.0003418475389480591,0.0006936037022134533,0.025296717882156372
8,cvae,spline_pca,movement_time_mae_ms,28,44.16257585361092,50.20757453148879,6.0449986778778655,4.227643857746736,23,5,0.0006467849016189575,0.0012753505102345642,0.045274943113327026
8,cvae,spline_pca,initiation_time_mae_ms,28,34.83709506602474,55.583569150327904,20.746474084303166,21.267079340313053,27,1,1.4901161193847656e-08,8.692344029744466e-08,1.773238182067871e-06
8,cvae,spline_pca,mean_ks,28,0.21940400159869472,0.2547944362920786,0.035390434693383835,0.033712121212121235,23,5,3.663450479507446e-05,9.497834576500786e-05,0.0031872019171714783
8,cvae,spline_pca,ks_n_submovements,28,0.05020848522612303,0.11997760499524278,0.0697691197691198,0.07222222222222224,24,4,0.00078224308898511,0.001498654082014754,0.05319253005098748
8,cvae,spline_pca,energy_distance,28,0.43045115897281766,0.7347145035712234,0.30426334459840587,0.27521686840594406,25,3,2.2873282432556152e-06,9.149312973022461e-06,0.00024245679378509521
8,cvae,spline_pca,mmd_rbf,28,0.06749342391175364,0.11529063380077316,0.04779720988901951,0.04536606552151111,25,3,3.993511199951172e-06,1.4335681230593951e-05,0.0004113316535949707
8,cvae,condition_ridge,trajectory_mse,28,0.032481218415279414,1.233795234249236,1.201314015833957,1.0644518817044184,28,0,7.450580596923828e-09,4.967053731282552e-08,1.043081283569336e-06
8,cvae,condition_ridge,movement_time_mae_ms,28,44.16257585361092,72.72383048287865,28.56125462926773,28.039489885696035,26,2,4.76837158203125e-06,1.6689300537109375e-05,0.00048160552978515625
8,cvae,condition_ridge,initiation_time_mae_ms,28,34.83709506602474,98.48968474630635,63.652589680281615,61.48648562150888,28,0,7.450580596923828e-09,4.967053731282552e-08,1.043081283569336e-06
8,cvae,condition_ridge,mean_ks,28,0.21940400159869472,0.27726443496584474,0.057860433367150015,0.048711925456111596,24,4,1.8849968910217285e-06,7.761751904207117e-06,0.00020169466733932495
8,cvae,condition_ridge,ks_n_submovements,28,0.05020848522612303,0.06094080845844624,0.010732323232323229,0.007870370370370357,18,9,0.03891974565717024,0.05858886443014875,1.0
8,cvae,condition_ridge,energy_distance,28,0.43045115897281766,0.8187217963389594,0.38827063736614154,0.2801063303383263,26,2,3.330409526824951e-06,1.2601549560959274e-05,0.0003463625907897949
8,cvae,condition_ridge,mmd_rbf,28,0.06749342391175364,0.12585372616609777,0.05836030225434411,0.046242589511779425,24,4,2.0518898963928223e-05,5.862542561122349e-05,0.0018877387046813965
8,conditional_ae,unconditional_vae,trajectory_mse,28,0.025967813006904344,0.033486992496304886,0.007519179489400542,0.004379942380111132,28,0,7.450580596923828e-09,4.967053731282552e-08,1.043081283569336e-06
8,conditional_ae,unconditional_vae,movement_time_mae_ms,28,42.666967655561436,42.20518171259946,-0.46178594296197695,-0.8727420125884304,7,21,0.10925160348415375,0.14995318125276005,1.0
8,conditional_ae,unconditional_vae,initiation_time_mae_ms,28,39.87227959146922,35.98264219997669,-3.8896373914925326,-2.0792695064919897,8,20,0.004778154194355011,0.00836176984012127,0.29146740585565567
8,conditional_ae,unconditional_vae,mean_ks,28,0.25868621572590966,0.21512115987954522,-0.04356505584636449,-0.03977272727272725,6,22,7.204711437225342e-05,0.000168109933535258,0.00590786337852478
8,conditional_ae,unconditional_vae,ks_n_submovements,28,0.05944369446133224,0.0505812605988984,-0.008862433862433853,-0.012962962962962952,10,17,0.06661995150157801,0.09517135928796859,1.0
8,conditional_ae,unconditional_vae,energy_distance,28,0.6202242242032429,0.41101443319731873,-0.20920979100592405,-0.1918347805629757,5,23,0.00011970102787017822,0.0002747236705217205,0.009576082229614258
8,conditional_ae,unconditional_vae,mmd_rbf,28,0.11113481142118391,0.06388130250594579,-0.047253508915238156,-0.04661633695359056,5,23,3.17990779876709e-05,8.399756449573445e-05,0.00283011794090271
8,conditional_ae,spline_pca,trajectory_mse,28,0.025967813006904344,0.022772415541801733,-0.003195397465102607,-0.004453738318951834,7,21,0.0017047896981239319,0.0030211463004727905,0.10569696128368378
8,conditional_ae,spline_pca,movement_time_mae_ms,28,42.666967655561436,50.20757453148879,7.540606875927351,5.759178934556976,23,5,0.0001721307635307312,0.00038251280784606934,0.013598330318927765
8,conditional_ae,spline_pca,initiation_time_mae_ms,28,39.87227959146922,55.583569150327904,15.711289558858681,19.21829250501127,26,2,1.2949109077453613e-05,3.77682348092397e-05,0.001204267144203186
8,conditional_ae,spline_pca,mean_ks,28,0.25868621572590966,0.2547944362920786,-0.0038917794338311287,0.005163817663817655,15,13,0.9274221545542304,0.9408630553448715,1.0
8,conditional_ae,spline_pca,ks_n_submovements,28,0.05944369446133224,0.11997760499524278,0.06053391053391056,0.06527777777777781,23,5,0.0003202407444257171,0.0006792985487818241,0.024018055831928783
8,conditional_ae,spline_pca,energy_distance,28,0.6202242242032429,0.7347145035712234,0.1144902793679806,0.08864203994093522,19,9,0.05953092873096466,0.08592092806530982,1.0
8,conditional_ae,spline_pca,mmd_rbf,28,0.11113481142118391,0.11529063380077316,0.0041558223795892255,0.0048508187034599776,15,13,0.7450922578573227,0.7902493643941301,1.0
8,conditional_ae,condition_ridge,trajectory_mse,28,0.025967813006904344,1.233795234249236,1.207827421242332,1.0674248845403347,28,0,7.450580596923828e-09,4.967053731282552e-08,1.043081283569336e-06
8,conditional_ae,condition_ridge,movement_time_mae_ms,28,42.666967655561436,72.72383048287865,30.056862827317214,25.130085484035753,28,0,7.450580596923828e-09,4.967053731282552e-08,1.043081283569336e-06
8,conditional_ae,condition_ridge,initiation_time_mae_ms,28,39.87227959146922,98.48968474630635,58.61740515483714,57.953460555788425,27,1,5.21540641784668e-08,2.60770320892334e-07,5.997717380523682e-06
8,conditional_ae,condition_ridge,mean_ks,28,0.25868621572590966,0.27726443496584474,0.01857821923993504,0.016708754208754173,16,12,0.1935620754957199,0.24861184008624576,1.0
8,conditional_ae,condition_ridge,ks_n_submovements,28,0.05944369446133224,0.06094080845844624,0.0014971139971140003,0.007996632996632985,20,7,0.23612480928531,0.29781507477426483,1.0
8,conditional_ae,condition_ridge,energy_distance,28,0.6202242242032429,0.8187217963389594,0.19849757213571642,0.11978529849978596,17,11,0.06981273740530014,0.09773783236742019,1.0
8,conditional_ae,condition_ridge,mmd_rbf,28,0.11113481142118391,0.12585372616609777,0.014718914744913828,0.008975923500603715,16,12,0.49323366582393646,0.5660058460274681,1.0
8,unconditional_vae,spline_pca,trajectory_mse,28,0.033486992496304886,0.022772415541801733,-0.010714576954503148,-0.008165923841210032,3,25,0.00021760910749435425,0.0004760199226438999,0.016755901277065277
8,unconditional_vae,spline_pca,movement_time_mae_ms,28,42.20518171259946,50.20757453148879,8.002392818889327,5.924367424651232,25,3,5.529820919036865e-05,0.0001334784359767519,0.004589751362800598
8,unconditional_vae,spline_pca,initiation_time_mae_ms,28,35.98264219997669,55.583569150327904,19.60092695035121,21.785145633190513,27,1,3.993511199951172e-06,1.4335681230593951e-05,0.0004113316535949707
8,unconditional_vae,spline_pca,mean_ks,28,0.21512115987954522,0.2547944362920786,0.03967327641253336,0.03716329966329966,24,4,6.735324859619141e-06,2.2451082865397137e-05,0.0006735324859619141
8,unconditional_vae,spline_pca,ks_n_submovements,28,0.0505812605988984,0.11997760499524278,0.06939634439634441,0.07268518518518517,23,5,0.0006619323596516146,0.001287090699322584,0.045673332815961414
8,unconditional_vae,spline_pca,energy_distance,28,0.41101443319731873,0.7347145035712234,0.3237000703739047,0.28922099322137895,26,2,6.556510925292969e-07,2.9610049340032763e-06,7.212162017822266e-05
8,unconditional_vae,spline_pca,mmd_rbf,28,0.06388130250594579,0.11529063380077316,0.05140933129482739,0.045638564932259824,26,2,1.259148120880127e-06,5.34184051282478e-06,0.0001359879970550537
8,unconditional_vae,condition_ridge,trajectory_mse,28,0.033486992496304886,1.233795234249236,1.2003082417529314,1.0633369876858232,28,0,7.450580596923828e-09,4.967053731282552e-08,1.043081283569336e-06
8,unconditional_vae,condition_ridge,movement_time_mae_ms,28,42.20518171259946,72.72383048287865,30.518648770279192,27.77864378174602,28,0,7.450580596923828e-09,4.967053731282552e-08,1.043081283569336e-06
8,unconditional_vae,condition_ridge,initiation_time_mae_ms,28,35.98264219997669,98.48968474630635,62.50704254632967,63.29557098196766,28,0,7.450580596923828e-09,4.967053731282552e-08,1.043081283569336e-06
8,unconditional_vae,condition_ridge,mean_ks,28,0.21512115987954522,0.27726443496584474,0.06214327508629953,0.05420875420875425,25,3,8.195638656616211e-07,3.5855919122695923e-06,8.93324613571167e-05
8,unconditional_vae,condition_ridge,ks_n_submovements,28,0.0505812605988984,0.06094080845844624,0.01035954785954785,0.008333333333333321,17,11,0.11071624484336189,0.15048809978709382,1.0
8,unconditional_vae,condition_ridge,energy_distance,28,0.41101443319731873,0.8187217963389594,0.40770736314164047,0.2991482231027634,26,2,5.21540641784668e-07,2.4338563283284507e-06,5.7891011238098145e-05
8,unconditional_vae,condition_ridge,mmd_rbf,28,0.06388130250594579,0.12585372616609777,0.06197242366015198,0.050165273263620455,26,2,6.735324859619141e-06,2.2451082865397137e-05,0.0006735324859619141
8,spline_pca,condition_ridge,trajectory_mse,28,0.022772415541801733,1.233795234249236,1.2110228187074346,1.0718619152606523,28,0,7.450580596923828e-09,4.967053731282552e-08,1.043081283569336e-06
8,spline_pca,condition_ridge,movement_time_mae_ms,28,50.20757453148879,72.72383048287865,22.51625595138987,20.93709092720645,27,1,5.21540641784668e-08,2.60770320892334e-07,5.997717380523682e-06
8,spline_pca,condition_ridge,initiation_time_mae_ms,28,55.583569150327904,98.48968474630635,42.906115595978456,41.67990366041721,28,0,7.450580596923828e-09,4.967053731282552e-08,1.043081283569336e-06
8,spline_pca,condition_ridge,mean_ks,28,0.2547944362920786,0.27726443496584474,0.02246999867376617,0.020117845117845076,20,8,0.0379299521446228,0.057719492393991226,1.0
8,spline_pca,condition_ridge,ks_n_submovements,28,0.11997760499524278,0.06094080845844624,-0.05903679653679656,-0.055555555555555594,5,23,0.001431073814353375,0.002601952389733409,0.091588724118616
8,spline_pca,condition_ridge,energy_distance,28,0.7347145035712234,0.8187217963389594,0.08400729276773584,0.02708495238130096,14,14,0.3740789592266083,0.44009289320777445,1.0
8,spline_pca,condition_ridge,mmd_rbf,28,0.11529063380077316,0.12585372616609777,0.010563092365324605,0.01165092704786604,16,12,0.2450956031680107,0.3063695039600134,1.0
