dim,model_a,model_b,metric,fold,mean_b_minus_a
3,cvae,conditional_ae,trajectory_mse,0,0.0031444277672710496
3,cvae,conditional_ae,trajectory_mse,1,0.05577357148898328
3,cvae,conditional_ae,trajectory_mse,2,-0.012567190872598376
3,cvae,conditional_ae,trajectory_mse,3,-0.0756278158690156
3,cvae,conditional_ae,movement_time_mae_ms,0,0.21192913333488075
3,cvae,conditional_ae,movement_time_mae_ms,1,0.2379127627979025
3,cvae,conditional_ae,movement_time_mae_ms,2,-0.2567543386903378
3,cvae,conditional_ae,movement_time_mae_ms,3,2.371105746115238
3,cvae,conditional_ae,initiation_time_mae_ms,0,1.4937979971805002
3,cvae,conditional_ae,initiation_time_mae_ms,1,-1.1576522718257094
3,cvae,conditional_ae,initiation_time_mae_ms,2,0.2607860935677065
3,cvae,conditional_ae,initiation_time_mae_ms,3,-0.9122118337189973
3,cvae,conditional_ae,mean_ks,0,0.023632504446457935
3,cvae,conditional_ae,mean_ks,1,0.01697746697746697
3,cvae,conditional_ae,mean_ks,2,0.009853619123282023
3,cvae,conditional_ae,mean_ks,3,-0.011328654510472717
3,cvae,conditional_ae,ks_n_submovements,0,-0.0002645502645502621
3,cvae,conditional_ae,ks_n_submovements,1,-0.007142857142857143
3,cvae,conditional_ae,ks_n_submovements,2,0.0009259259259259151
3,cvae,conditional_ae,ks_n_submovements,3,-0.0011063011063011086
3,cvae,conditional_ae,energy_distance,0,0.16644710852151348
3,cvae,conditional_ae,energy_distance,1,0.07577416825155756
3,cvae,conditional_ae,energy_distance,2,0.04928986947381815
3,cvae,conditional_ae,energy_distance,3,-0.06727958736287594
3,cvae,conditional_ae,mmd_rbf,0,0.03434202081240806
3,cvae,conditional_ae,mmd_rbf,1,0.011022463853596589
3,cvae,conditional_ae,mmd_rbf,2,0.011360247647283512
3,cvae,conditional_ae,mmd_rbf,3,-0.014824828785971949
3,cvae,unconditional_vae,trajectory_mse,0,0.0025995587070572162
3,cvae,unconditional_vae,trajectory_mse,1,-0.02879526459778109
3,cvae,unconditional_vae,trajectory_mse,2,-0.01215830671267142
3,cvae,unconditional_vae,trajectory_mse,3,-0.07637043806502877
3,cvae,unconditional_vae,movement_time_mae_ms,0,-0.06948142830019119
3,cvae,unconditional_vae,movement_time_mae_ms,1,-2.1936989983847144
3,cvae,unconditional_vae,movement_time_mae_ms,2,-0.8908210621574736
3,cvae,unconditional_vae,movement_time_mae_ms,3,1.0044533223245804
3,cvae,unconditional_vae,initiation_time_mae_ms,0,-1.1339823567648868
3,cvae,unconditional_vae,initiation_time_mae_ms,1,-2.133619140769267
3,cvae,unconditional_vae,initiation_time_mae_ms,2,-1.1541732505016975
3,cvae,unconditional_vae,initiation_time_mae_ms,3,4.762281680607928
3,cvae,unconditional_vae,mean_ks,0,0.006008031589426917
3,cvae,unconditional_vae,mean_ks,1,0.011127761127761121
3,cvae,unconditional_vae,mean_ks,2,0.010067231977344307
3,cvae,unconditional_vae,mean_ks,3,-3.1702304429611005e-05
3,cvae,unconditional_vae,ks_n_submovements,0,8.3056478405314e-05
3,cvae,unconditional_vae,ks_n_submovements,1,-0.002380952380952369
3,cvae,unconditional_vae,ks_n_submovements,2,-2.6640396238215253e-18
3,cvae,unconditional_vae,ks_n_submovements,3,0.011375661375661372
3,cvae,unconditional_vae,energy_distance,0,-0.001812465252939829
3,cvae,unconditional_vae,energy_distance,1,0.011206418284787276
3,cvae,unconditional_vae,energy_distance,2,0.04062240935580557
3,cvae,unconditional_vae,energy_distance,3,-0.04147380236115703
3,cvae,unconditional_vae,mmd_rbf,0,-0.0005744411856280932
3,cvae,unconditional_vae,mmd_rbf,1,0.0011419691354841702
3,cvae,unconditional_vae,mmd_rbf,2,0.008347259745550489
3,cvae,unconditional_vae,mmd_rbf,3,-0.011462973694313566
3,cvae,spline_pca,trajectory_mse,0,-0.012742153081338062
3,cvae,spline_pca,trajectory_mse,1,-0.10838508389655101
3,cvae,spline_pca,trajectory_mse,2,-0.03313366954960647
3,cvae,spline_pca,trajectory_mse,3,-0.16464026242942012
3,cvae,spline_pca,movement_time_mae_ms,0,10.085441250677956
3,cvae,spline_pca,movement_time_mae_ms,1,9.335969653768899
3,cvae,spline_pca,movement_time_mae_ms,2,9.18153810834399
3,cvae,spline_pca,movement_time_mae_ms,3,2.2521892362935167
3,cvae,spline_pca,initiation_time_mae_ms,0,28.256161414915397
3,cvae,spline_pca,initiation_time_mae_ms,1,14.04052513478473
3,cvae,spline_pca,initiation_time_mae_ms,2,18.676944188676938
3,cvae,spline_pca,initiation_time_mae_ms,3,12.319873102992974
3,cvae,spline_pca,mean_ks,0,0.05200118572211595
3,cvae,spline_pca,mean_ks,1,0.04637677137677137
3,cvae,spline_pca,mean_ks,2,0.0683305770384422
3,cvae,spline_pca,mean_ks,3,0.022615768070313513
3,cvae,spline_pca,ks_n_submovements,0,0.011277224067921744
3,cvae,spline_pca,ks_n_submovements,1,-0.015476190476190482
3,cvae,spline_pca,ks_n_submovements,2,0.012301587301587301
3,cvae,spline_pca,ks_n_submovements,3,0.007010582010582007
3,cvae,spline_pca,energy_distance,0,0.23318381332023072
3,cvae,spline_pca,energy_distance,1,0.3971876875363172
3,cvae,spline_pca,energy_distance,2,0.24829574467789114
3,cvae,spline_pca,energy_distance,3,0.049340779806772865
3,cvae,spline_pca,mmd_rbf,0,0.06512801155862379
3,cvae,spline_pca,mmd_rbf,1,0.06393855842701672
3,cvae,spline_pca,mmd_rbf,2,0.0648722634181371
3,cvae,spline_pca,mmd_rbf,3,0.008187868732852209
3,cvae,condition_ridge,trajectory_mse,0,0.8923497860874497
3,cvae,condition_ridge,trajectory_mse,1,1.2527557507705158
3,cvae,condition_ridge,trajectory_mse,2,1.055625283091113
3,cvae,condition_ridge,trajectory_mse,3,1.0265279004129635
3,cvae,condition_ridge,movement_time_mae_ms,0,30.100001385544477
3,cvae,condition_ridge,movement_time_mae_ms,1,35.75621144244171
3,cvae,condition_ridge,movement_time_mae_ms,2,32.02959699217735
3,cvae,condition_ridge,movement_time_mae_ms,3,19.226432589925444
3,cvae,condition_ridge,initiation_time_mae_ms,0,79.66965544730782
3,cvae,condition_ridge,initiation_time_mae_ms,1,46.80912499981172
3,cvae,condition_ridge,initiation_time_mae_ms,2,67.28343601465802
3,cvae,condition_ridge,initiation_time_mae_ms,3,48.869976824973925
3,cvae,condition_ridge,mean_ks,0,0.05195000950814905
3,cvae,condition_ridge,mean_ks,1,-0.02995615495615495
3,cvae,condition_ridge,mean_ks,2,0.0031071820397662758
3,cvae,condition_ridge,mean_ks,3,-0.027221347675893137
3,cvae,condition_ridge,ks_n_submovements,0,0.027811615602313267
3,cvae,condition_ridge,ks_n_submovements,1,-0.001719576719576732
3,cvae,condition_ridge,ks_n_submovements,2,0.00939153439153437
3,cvae,condition_ridge,ks_n_submovements,3,0.009463684463684464
3,cvae,condition_ridge,energy_distance,0,0.26157197842753716
3,cvae,condition_ridge,energy_distance,1,0.03831914355663194
3,cvae,condition_ridge,energy_distance,2,0.08644268143199785
3,cvae,condition_ridge,energy_distance,3,-0.09316973131499477
3,cvae,condition_ridge,mmd_rbf,0,0.04763214407966484
3,cvae,condition_ridge,mmd_rbf,1,-0.03972479579709026
3,cvae,condition_ridge,mmd_rbf,2,0.009021572683581735
3,cvae,condition_ridge,mmd_rbf,3,-0.037254248460361426
3,conditional_ae,unconditional_vae,trajectory_mse,0,-0.0005448690602138333
3,conditional_ae,unconditional_vae,trajectory_mse,1,-0.08456883608676437
3,conditional_ae,unconditional_vae,trajectory_mse,2,0.0004088841599269539
3,conditional_ae,unconditional_vae,trajectory_mse,3,-0.0007426221960131951
3,conditional_ae,unconditional_vae,movement_time_mae_ms,0,-0.28141056163507194
3,conditional_ae,unconditional_vae,movement_time_mae_ms,1,-2.4316117611826167
3,conditional_ae,unconditional_vae,movement_time_mae_ms,2,-0.6340667234671358
3,conditional_ae,unconditional_vae,movement_time_mae_ms,3,-1.3666524237906579
3,conditional_ae,unconditional_vae,initiation_time_mae_ms,0,-2.627780353945387
3,conditional_ae,unconditional_vae,initiation_time_mae_ms,1,-0.9759668689435576
3,conditional_ae,unconditional_vae,initiation_time_mae_ms,2,-1.414959344069404
3,conditional_ae,unconditional_vae,initiation_time_mae_ms,3,5.674493514326926
3,conditional_ae,unconditional_vae,mean_ks,0,-0.01762447285703102
3,conditional_ae,unconditional_vae,mean_ks,1,-0.005849705849705848
3,conditional_ae,unconditional_vae,mean_ks,2,0.00021361285406228312
3,conditional_ae,unconditional_vae,mean_ks,3,0.011296952206043107
3,conditional_ae,unconditional_vae,ks_n_submovements,0,0.0003476067429555761
3,conditional_ae,unconditional_vae,ks_n_submovements,1,0.004761904761904773
3,conditional_ae,unconditional_vae,ks_n_submovements,2,-0.0009259259259259178
3,conditional_ae,unconditional_vae,ks_n_submovements,3,0.012481962481962487
3,conditional_ae,unconditional_vae,energy_distance,0,-0.16825957377445336
3,conditional_ae,unconditional_vae,energy_distance,1,-0.0645677499667703
3,conditional_ae,unconditional_vae,energy_distance,2,-0.008667460118012584
3,conditional_ae,unconditional_vae,energy_distance,3,0.02580578500171891
3,conditional_ae,unconditional_vae,mmd_rbf,0,-0.034916461998036157
3,conditional_ae,unconditional_vae,mmd_rbf,1,-0.009880494718112419
3,conditional_ae,unconditional_vae,mmd_rbf,2,-0.0030129879017330254
3,conditional_ae,unconditional_vae,mmd_rbf,3,0.00336185509165838
3,conditional_ae,spline_pca,trajectory_mse,0,-0.01588658084860911
3,conditional_ae,spline_pca,trajectory_mse,1,-0.16415865538553429
3,conditional_ae,spline_pca,trajectory_mse,2,-0.020566478677008095
3,conditional_ae,spline_pca,trajectory_mse,3,-0.08901244656040451
3,conditional_ae,spline_pca,movement_time_mae_ms,0,9.873512117343074
3,conditional_ae,spline_pca,movement_time_mae_ms,1,9.098056890970996
3,conditional_ae,spline_pca,movement_time_mae_ms,2,9.438292447034328
3,conditional_ae,spline_pca,movement_time_mae_ms,3,-0.11891650982172156
3,conditional_ae,spline_pca,initiation_time_mae_ms,0,26.762363417734893
3,conditional_ae,spline_pca,initiation_time_mae_ms,1,15.198177406610439
3,conditional_ae,spline_pca,initiation_time_mae_ms,2,18.416158095109232
3,conditional_ae,spline_pca,initiation_time_mae_ms,3,13.232084936711969
3,conditional_ae,spline_pca,mean_ks,0,0.02836868127565802
3,conditional_ae,spline_pca,mean_ks,1,0.0293993043993044
3,conditional_ae,spline_pca,mean_ks,2,0.058476957915160166
3,conditional_ae,spline_pca,mean_ks,3,0.033944422580786233
3,conditional_ae,spline_pca,ks_n_submovements,0,0.011541774332472004
3,conditional_ae,spline_pca,ks_n_submovements,1,-0.00833333333333334
3,conditional_ae,spline_pca,ks_n_submovements,2,0.011375661375661384
3,conditional_ae,spline_pca,ks_n_submovements,3,0.008116883116883114
3,conditional_ae,spline_pca,energy_distance,0,0.06673670479871721
3,conditional_ae,spline_pca,energy_distance,1,0.32141351928475964
3,conditional_ae,spline_pca,energy_distance,2,0.19900587520407303
3,conditional_ae,spline_pca,energy_distance,3,0.11662036716964883
3,conditional_ae,spline_pca,mmd_rbf,0,0.030785990746215724
3,conditional_ae,spline_pca,mmd_rbf,1,0.05291609457342012
3,conditional_ae,spline_pca,mmd_rbf,2,0.05351201577085358
3,conditional_ae,spline_pca,mmd_rbf,3,0.023012697518824156
3,conditional_ae,condition_ridge,trajectory_mse,0,0.8892053583201788
3,conditional_ae,condition_ridge,trajectory_mse,1,1.1969821792815325
3,conditional_ae,condition_ridge,trajectory_mse,2,1.0681924739637114
3,conditional_ae,condition_ridge,trajectory_mse,3,1.1021557162819788
3,conditional_ae,condition_ridge,movement_time_mae_ms,0,29.88807225220959
3,conditional_ae,condition_ridge,movement_time_mae_ms,1,35.51829867964381
3,conditional_ae,condition_ridge,movement_time_mae_ms,2,32.286351330867696
3,conditional_ae,condition_ridge,movement_time_mae_ms,3,16.855326843810207
3,conditional_ae,condition_ridge,initiation_time_mae_ms,0,78.17585745012731
3,conditional_ae,condition_ridge,initiation_time_mae_ms,1,47.96677727163743
3,conditional_ae,condition_ridge,initiation_time_mae_ms,2,67.02264992109033
3,conditional_ae,condition_ridge,initiation_time_mae_ms,3,49.78218865869292
3,conditional_ae,condition_ridge,mean_ks,0,0.028317505061691114
3,conditional_ae,condition_ridge,mean_ks,1,-0.046933621933621925
3,conditional_ae,condition_ridge,mean_ks,2,-0.006746437083515748
3,conditional_ae,condition_ridge,mean_ks,3,-0.01589269316542042
3,conditional_ae,condition_ridge,ks_n_submovements,0,0.028076165866863522
3,conditional_ae,condition_ridge,ks_n_submovements,1,0.005423280423280411
3,conditional_ae,condition_ridge,ks_n_submovements,2,0.008465608465608452
3,conditional_ae,condition_ridge,ks_n_submovements,3,0.010569985569985575
3,conditional_ae,condition_ridge,energy_distance,0,0.09512486990602369
3,conditional_ae,condition_ridge,energy_distance,1,-0.037455024694925614
3,conditional_ae,condition_ridge,energy_distance,2,0.0371528119581797
3,conditional_ae,condition_ridge,energy_distance,3,-0.02589014395211886
3,conditional_ae,condition_ridge,mmd_rbf,0,0.013290123267256782
3,conditional_ae,condition_ridge,mmd_rbf,1,-0.05074725965068685
3,conditional_ae,condition_ridge,mmd_rbf,2,-0.002338674963701778
3,conditional_ae,condition_ridge,mmd_rbf,3,-0.022429419674389477
3,unconditional_vae,spline_pca,trajectory_mse,0,-0.015341711788395277
3,unconditional_vae,spline_pca,trajectory_mse,1,-0.07958981929876992
3,unconditional_vae,spline_pca,trajectory_mse,2,-0.02097536283693505
3,unconditional_vae,spline_pca,trajectory_mse,3,-0.08826982436439132
3,unconditional_vae,spline_pca,movement_time_mae_ms,0,10.154922678978147
3,unconditional_vae,spline_pca,movement_time_mae_ms,1,11.529668652153614
3,unconditional_vae,spline_pca,movement_time_mae_ms,2,10.072359170501462
3,unconditional_vae,spline_pca,movement_time_mae_ms,3,1.2477359139689363
3,unconditional_vae,spline_pca,initiation_time_mae_ms,0,29.390143771680282
3,unconditional_vae,spline_pca,initiation_time_mae_ms,1,16.174144275553996
3,unconditional_vae,spline_pca,initiation_time_mae_ms,2,19.831117439178634
3,unconditional_vae,spline_pca,initiation_time_mae_ms,3,7.5575914223850456
3,unconditional_vae,spline_pca,mean_ks,0,0.04599315413268904
3,unconditional_vae,spline_pca,mean_ks,1,0.03524901024901025
3,unconditional_vae,spline_pca,mean_ks,2,0.058263345061097885
3,unconditional_vae,spline_pca,mean_ks,3,0.022647470374743125
3,unconditional_vae,spline_pca,ks_n_submovements,0,0.011194167589516428
3,unconditional_vae,spline_pca,ks_n_submovements,1,-0.013095238095238115
3,unconditional_vae,spline_pca,ks_n_submovements,2,0.012301587301587303
3,unconditional_vae,spline_pca,ks_n_submovements,3,-0.004365079365079371
3,unconditional_vae,spline_pca,energy_distance,0,0.23499627857317051
3,unconditional_vae,spline_pca,energy_distance,1,0.3859812692515299
3,unconditional_vae,spline_pca,energy_distance,2,0.20767333532208557
3,unconditional_vae,spline_pca,energy_distance,3,0.09081458216792991
3,unconditional_vae,spline_pca,mmd_rbf,0,0.06570245274425188
3,unconditional_vae,spline_pca,mmd_rbf,1,0.06279658929153255
3,unconditional_vae,spline_pca,mmd_rbf,2,0.0565250036725866
3,unconditional_vae,spline_pca,mmd_rbf,3,0.019650842427165773
3,unconditional_vae,condition_ridge,trajectory_mse,0,0.8897502273803928
3,unconditional_vae,condition_ridge,trajectory_mse,1,1.281551015368297
3,unconditional_vae,condition_ridge,trajectory_mse,2,1.0677835898037844
3,unconditional_vae,condition_ridge,trajectory_mse,3,1.1028983384779922
3,unconditional_vae,condition_ridge,movement_time_mae_ms,0,30.169482813844663
3,unconditional_vae,condition_ridge,movement_time_mae_ms,1,37.94991044082643
3,unconditional_vae,condition_ridge,movement_time_mae_ms,2,32.92041805433483
3,unconditional_vae,condition_ridge,movement_time_mae_ms,3,18.22197926760086
3,unconditional_vae,condition_ridge,initiation_time_mae_ms,0,80.8036378040727
3,unconditional_vae,condition_ridge,initiation_time_mae_ms,1,48.942744140580984
3,unconditional_vae,condition_ridge,initiation_time_mae_ms,2,68.43760926515974
3,unconditional_vae,condition_ridge,initiation_time_mae_ms,3,44.107695144366
3,unconditional_vae,condition_ridge,mean_ks,0,0.045941977918722135
3,unconditional_vae,condition_ridge,mean_ks,1,-0.041083916083916074
3,unconditional_vae,condition_ridge,mean_ks,2,-0.006960049937578031
3,unconditional_vae,condition_ridge,mean_ks,3,-0.02718964537146353
3,unconditional_vae,condition_ridge,ks_n_submovements,0,0.02772855912390795
3,unconditional_vae,condition_ridge,ks_n_submovements,1,0.0006613756613756376
3,unconditional_vae,condition_ridge,ks_n_submovements,2,0.00939153439153437
3,unconditional_vae,condition_ridge,ks_n_submovements,3,-0.0019119769119769119
3,unconditional_vae,condition_ridge,energy_distance,0,0.26338444368047703
3,unconditional_vae,condition_ridge,energy_distance,1,0.027112725271844683
3,unconditional_vae,condition_ridge,energy_distance,2,0.04582027207619229
3,unconditional_vae,condition_ridge,energy_distance,3,-0.051695928953837775
3,unconditional_vae,condition_ridge,mmd_rbf,0,0.04820658526529293
3,unconditional_vae,condition_ridge,mmd_rbf,1,-0.04086676493257443
3,unconditional_vae,condition_ridge,mmd_rbf,2,0.0006743129380312482
3,unconditional_vae,condition_ridge,mmd_rbf,3,-0.025791274766047863
3,spline_pca,condition_ridge,trajectory_mse,0,0.9050919391687878
3,spline_pca,condition_ridge,trajectory_mse,1,1.3611408346670666
3,spline_pca,condition_ridge,trajectory_mse,2,1.0887589526407195
3,spline_pca,condition_ridge,trajectory_mse,3,1.1911681628423836
3,spline_pca,condition_ridge,movement_time_mae_ms,0,20.014560134866517
3,spline_pca,condition_ridge,movement_time_mae_ms,1,26.420241788672808
3,spline_pca,condition_ridge,movement_time_mae_ms,2,22.848058883833367
3,spline_pca,condition_ridge,movement_time_mae_ms,3,16.974243353631923
3,spline_pca,condition_ridge,initiation_time_mae_ms,0,51.41349403239241
3,spline_pca,condition_ridge,initiation_time_mae_ms,1,32.768599865026985
3,spline_pca,condition_ridge,initiation_time_mae_ms,2,48.6064918259811
3,spline_pca,condition_ridge,initiation_time_mae_ms,3,36.55010372198095
3,spline_pca,condition_ridge,mean_ks,0,-5.11762139669057e-05
3,spline_pca,condition_ridge,mean_ks,1,-0.07633292633292632
3,spline_pca,condition_ridge,mean_ks,2,-0.06522339499867592
3,spline_pca,condition_ridge,mean_ks,3,-0.049837115746206646
3,spline_pca,condition_ridge,ks_n_submovements,0,0.016534391534391523
3,spline_pca,condition_ridge,ks_n_submovements,1,0.013756613756613748
3,spline_pca,condition_ridge,ks_n_submovements,2,-0.002910052910052932
3,spline_pca,condition_ridge,ks_n_submovements,3,0.002453102453102461
3,spline_pca,condition_ridge,energy_distance,0,0.02838816510730647
3,spline_pca,condition_ridge,energy_distance,1,-0.3588685439796852
3,spline_pca,condition_ridge,energy_distance,2,-0.16185306324589327
3,spline_pca,condition_ridge,energy_distance,3,-0.14251051112176766
3,spline_pca,condition_ridge,mmd_rbf,0,-0.017495867478958944
3,spline_pca,condition_ridge,mmd_rbf,1,-0.10366335422410697
3,spline_pca,condition_ridge,mmd_rbf,2,-0.05585069073455536
3,spline_pca,condition_ridge,mmd_rbf,3,-0.04544211719321363
8,cvae,conditional_ae,trajectory_mse,0,-0.0038850619509843364
8,cvae,conditional_ae,trajectory_mse,1,-0.009330974543140984
8,cvae,conditional_ae,trajectory_mse,2,-0.005595904570827434
8,cvae,conditional_ae,trajectory_mse,3,-0.007241680568547548
8,cvae,conditional_ae,movement_time_mae_ms,0,-1.1538710360522761
8,cvae,conditional_ae,movement_time_mae_ms,1,2.306176890185866
8,cvae,conditional_ae,movement_time_mae_ms,2,-0.2082767648132509
8,cvae,conditional_ae,movement_time_mae_ms,3,-6.9264618815182795
8,cvae,conditional_ae,initiation_time_mae_ms,0,0.051935495899704066
8,cvae,conditional_ae,initiation_time_mae_ms,1,2.242007970686288
8,cvae,conditional_ae,initiation_time_mae_ms,2,5.4253037090793015
8,cvae,conditional_ae,initiation_time_mae_ms,3,12.42149092611265
8,cvae,conditional_ae,mean_ks,0,0.06115865185632629
8,cvae,conditional_ae,mean_ks,1,-0.0006863506863506967
8,cvae,conditional_ae,mean_ks,2,0.05674116769622389
8,cvae,conditional_ae,mean_ks,3,0.03991538764266037
8,cvae,conditional_ae,ks_n_submovements,0,0.01984126984126982
8,cvae,conditional_ae,ks_n_submovements,1,-0.010582010582010585
8,cvae,conditional_ae,ks_n_submovements,2,0.018915343915343906
8,cvae,conditional_ae,ks_n_submovements,3,0.008766233766233771
8,cvae,conditional_ae,energy_distance,0,0.33998109038335106
8,cvae,conditional_ae,energy_distance,1,-0.046472905112084115
8,cvae,conditional_ae,energy_distance,2,0.26755939249588817
8,cvae,conditional_ae,energy_distance,3,0.19802468315454577
8,cvae,conditional_ae,mmd_rbf,0,0.07382710441186695
8,cvae,conditional_ae,mmd_rbf,1,-0.002342753260693196
8,cvae,conditional_ae,mmd_rbf,2,0.060094238212355884
8,cvae,conditional_ae,mmd_rbf,3,0.042986960674191485
8,cvae,unconditional_vae,trajectory_mse,0,0.0004611110397297829
8,cvae,unconditional_vae,trajectory_mse,1,0.0018649736819976875
8,cvae,unconditional_vae,trajectory_mse,2,-0.00241379476535312
8,cvae,unconditional_vae,trajectory_mse,3,0.0041108063677275175
8,cvae,unconditional_vae,movement_time_mae_ms,0,-1.8071381914587004
8,cvae,unconditional_vae,movement_time_mae_ms,1,2.5637556458379374
8,cvae,unconditional_vae,movement_time_mae_ms,2,-0.7504724220984832
8,cvae,unconditional_vae,movement_time_mae_ms,3,-7.835721596326602
8,cvae,unconditional_vae,initiation_time_mae_ms,0,1.460830253887517
8,cvae,unconditional_vae,initiation_time_mae_ms,1,-0.30700178291406793
8,cvae,unconditional_vae,initiation_time_mae_ms,2,-0.19515655122563352
8,cvae,unconditional_vae,initiation_time_mae_ms,3,3.623516616059997
8,cvae,unconditional_vae,mean_ks,0,-0.006852299294159758
8,cvae,unconditional_vae,mean_ks,1,-0.00044585044585043754
8,cvae,unconditional_vae,mean_ks,2,-0.007536439839810624
8,cvae,unconditional_vae,mean_ks,3,-0.002296777296777301
8,cvae,unconditional_vae,ks_n_submovements,0,0.005555555555555549
8,cvae,unconditional_vae,ks_n_submovements,1,-0.0005291005291005137
8,cvae,unconditional_vae,ks_n_submovements,2,0.0019841269841269914
8,cvae,unconditional_vae,ks_n_submovements,3,-0.005519480519480529
8,cvae,unconditional_vae,energy_distance,0,-0.00629870391314462
8,cvae,unconditional_vae,energy_distance,1,-0.032195753291115195
8,cvae,unconditional_vae,energy_distance,2,-0.00827048485531015
8,cvae,unconditional_vae,energy_distance,3,-0.03098196104242548
8,cvae,unconditional_vae,mmd_rbf,0,-0.0006240211550086881
8,cvae,unconditional_vae,mmd_rbf,1,-0.005997816515161296
8,cvae,unconditional_vae,mmd_rbf,2,-0.001324479863902229
8,cvae,unconditional_vae,mmd_rbf,3,-0.006502168089159256
8,cvae,spline_pca,trajectory_mse,0,-0.007733529714608203
8,cvae,spline_pca,trajectory_mse,1,-0.003014878182037105
8,cvae,spline_pca,trajectory_mse,2,-0.0055114332118780624
8,cvae,spline_pca,trajectory_mse,3,-0.022575370385387362
8,cvae,spline_pca,movement_time_mae_ms,0,8.039070233765013
8,cvae,spline_pca,movement_time_mae_ms,1,10.718895312534453
8,cvae,spline_pca,movement_time_mae_ms,2,10.27072032059328
8,cvae,spline_pca,movement_time_mae_ms,3,-4.848691155381288
8,cvae,spline_pca,initiation_time_mae_ms,0,19.553045297404257
8,cvae,spline_pca,initiation_time_mae_ms,1,23.671235978576025
8,cvae,spline_pca,initiation_time_mae_ms,2,27.21681179782389
8,cvae,spline_pca,initiation_time_mae_ms,3,12.544803263408491
8,cvae,spline_pca,mean_ks,0,0.053478863943980236
8,cvae,spline_pca,mean_ks,1,0.030863580863580854
8,cvae,spline_pca,mean_ks,2,0.027135993428128287
8,cvae,spline_pca,mean_ks,3,0.030083300537845973
8,cvae,spline_pca,ks_n_submovements,0,0.11296296296296296
8,cvae,spline_pca,ks_n_submovements,1,-0.004497354497354475
8,cvae,spline_pca,ks_n_submovements,2,0.07685185185185187
8,cvae,spline_pca,ks_n_submovements,3,0.09375901875901878
8,cvae,spline_pca,energy_distance,0,0.47354498620604696
8,cvae,spline_pca,energy_distance,1,0.3508933294037263
8,cvae,spline_pca,energy_distance,2,0.18066250269606746
8,cvae,spline_pca,energy_distance,3,0.21195256008778252
8,cvae,spline_pca,mmd_rbf,0,0.0825650199604916
8,cvae,spline_pca,mmd_rbf,1,0.038329277693941455
8,cvae,spline_pca,mmd_rbf,2,0.04292585056830735
8,cvae,spline_pca,mmd_rbf,3,0.027368691333337646
8,cvae,condition_ridge,trajectory_mse,0,0.940027125449021
8,cvae,condition_ridge,trajectory_mse,1,1.4665862784871224
8,cvae,condition_ridge,trajectory_mse,2,1.1384500753424156
8,cvae,condition_ridge,trajectory_mse,3,1.260192584057268
8,cvae,condition_ridge,movement_time_mae_ms,0,30.43618115238217
8,cvae,condition_ridge,movement_time_mae_ms,1,37.1447191942741
8,cvae,condition_ridge,movement_time_mae_ms,2,34.02623727826799
8,cvae,condition_ridge,movement_time_mae_ms,3,12.637880892146674
8,cvae,condition_ridge,initiation_time_mae_ms,0,83.07503622717499
8,cvae,condition_ridge,initiation_time_mae_ms,1,50.58384432111956
8,cvae,condition_ridge,initiation_time_mae_ms,2,69.29201575997638
8,cvae,condition_ridge,initiation_time_mae_ms,3,51.659462412855575
8,cvae,condition_ridge,mean_ks,0,0.0710725751423426
8,cvae,condition_ridge,mean_ks,1,0.0500989750989751
8,cvae,condition_ridge,mean_ks,2,0.06042541520069611
8,cvae,condition_ridge,mean_ks,3,0.0498447680265862
8,cvae,condition_ridge,ks_n_submovements,0,0.024735449735449715
8,cvae,condition_ridge,ks_n_submovements,1,0.006084656084656077
8,cvae,condition_ridge,ks_n_submovements,2,0.00013227513227512553
8,cvae,condition_ridge,ks_n_submovements,3,0.011976911976911985
8,cvae,condition_ridge,energy_distance,0,0.40107427738338863
8,cvae,condition_ridge,energy_distance,1,0.5484840707495576
8,cvae,condition_ridge,energy_distance,2,0.3352563485705735
8,cvae,condition_ridge,energy_distance,3,0.26826785276104675
8,cvae,condition_ridge,mmd_rbf,0,0.07843446330024133
8,cvae,condition_ridge,mmd_rbf,1,0.05718434695370861
8,cvae,condition_ridge,mmd_rbf,2,0.06079022442074381
8,cvae,condition_ridge,mmd_rbf,3,0.037032174342682724
8,conditional_ae,unconditional_vae,trajectory_mse,0,0.004346172990714119
8,conditional_ae,unconditional_vae,trajectory_mse,1,0.011195948225138672
8,conditional_ae,unconditional_vae,trajectory_mse,2,0.003182109805474314
8,conditional_ae,unconditional_vae,trajectory_mse,3,0.011352486936275065
8,conditional_ae,unconditional_vae,movement_time_mae_ms,0,-0.6532671554064243
8,conditional_ae,unconditional_vae,movement_time_mae_ms,1,0.2575787556520715
8,conditional_ae,unconditional_vae,movement_time_mae_ms,2,-0.5421956572852322
8,conditional_ae,unconditional_vae,movement_time_mae_ms,3,-0.9092597148083225
8,conditional_ae,unconditional_vae,initiation_time_mae_ms,0,1.408894757987813
8,conditional_ae,unconditional_vae,initiation_time_mae_ms,1,-2.5490097536003558
8,conditional_ae,unconditional_vae,initiation_time_mae_ms,2,-5.620460260304936
8,conditional_ae,unconditional_vae,initiation_time_mae_ms,3,-8.797974310052654
8,conditional_ae,unconditional_vae,mean_ks,0,-0.06801095115048604
8,conditional_ae,unconditional_vae,mean_ks,1,0.00024050024050025924
8,conditional_ae,unconditional_vae,mean_ks,2,-0.06427760753603451
8,conditional_ae,unconditional_vae,mean_ks,3,-0.04221216493943768
8,conditional_ae,unconditional_vae,ks_n_submovements,0,-0.014285714285714271
8,conditional_ae,unconditional_vae,ks_n_submovements,1,0.010052910052910074
8,conditional_ae,unconditional_vae,ks_n_submovements,2,-0.016931216931216915
8,conditional_ae,unconditional_vae,ks_n_submovements,3,-0.0142857142857143
8,conditional_ae,unconditional_vae,energy_distance,0,-0.3462797942964957
8,conditional_ae,unconditional_vae,energy_distance,1,0.014277151820968928
8,conditional_ae,unconditional_vae,energy_distance,2,-0.2758298773511983
8,conditional_ae,unconditional_vae,energy_distance,3,-0.22900664419697128
8,conditional_ae,unconditional_vae,mmd_rbf,0,-0.07445112556687564
8,conditional_ae,unconditional_vae,mmd_rbf,1,-0.0036550632544681003
8,conditional_ae,unconditional_vae,mmd_rbf,2,-0.06141871807625811
8,conditional_ae,unconditional_vae,mmd_rbf,3,-0.049489128763350744
8,conditional_ae,spline_pca,trajectory_mse,0,-0.0038484677636238663
8,conditional_ae,spline_pca,trajectory_mse,1,0.006316096361103879
8,conditional_ae,spline_pca,trajectory_mse,2,8.4471358949371e-05
8,conditional_ae,spline_pca,trajectory_mse,3,-0.015333689816839814
8,conditional_ae,spline_pca,movement_time_mae_ms,0,9.192941269817291
8,conditional_ae,spline_pca,movement_time_mae_ms,1,8.412718422348588
8,conditional_ae,spline_pca,movement_time_mae_ms,2,10.478997085406531
8,conditional_ae,spline_pca,movement_time_mae_ms,3,2.077770726136991
8,conditional_ae,spline_pca,initiation_time_mae_ms,0,19.50110980150455
8,conditional_ae,spline_pca,initiation_time_mae_ms,1,21.429228007889737
8,conditional_ae,spline_pca,initiation_time_mae_ms,2,21.791508088744592
8,conditional_ae,spline_pca,initiation_time_mae_ms,3,0.12331233729583906
8,conditional_ae,spline_pca,mean_ks,0,-0.007679787912346061
8,conditional_ae,spline_pca,mean_ks,1,0.031549931549931555
8,conditional_ae,spline_pca,mean_ks,2,-0.029605174268095606
8,conditional_ae,spline_pca,mean_ks,3,-0.0098320871048144
8,conditional_ae,spline_pca,ks_n_submovements,0,0.09312169312169315
8,conditional_ae,spline_pca,ks_n_submovements,1,0.006084656084656114
8,conditional_ae,spline_pca,ks_n_submovements,2,0.05793650793650797
8,conditional_ae,spline_pca,ks_n_submovements,3,0.084992784992785
8,conditional_ae,spline_pca,energy_distance,0,0.13356389582269584
8,conditional_ae,spline_pca,energy_distance,1,0.39736623451581055
8,conditional_ae,spline_pca,energy_distance,2,-0.08689688979982067
8,conditional_ae,spline_pca,energy_distance,3,0.01392787693323674
8,conditional_ae,spline_pca,mmd_rbf,0,0.008737915548624624
8,conditional_ae,spline_pca,mmd_rbf,1,0.04067203095463466
8,conditional_ae,spline_pca,mmd_rbf,2,-0.017168387644048533
8,conditional_ae,spline_pca,mmd_rbf,3,-0.015618269340853844
8,conditional_ae,condition_ridge,trajectory_mse,0,0.9439121874000056
8,conditional_ae,condition_ridge,trajectory_mse,1,1.475917253030263
8,conditional_ae,condition_ridge,trajectory_mse,2,1.144045979913243
8,conditional_ae,condition_ridge,trajectory_mse,3,1.2674342646258157
8,conditional_ae,condition_ridge,movement_time_mae_ms,0,31.590052188434438
8,conditional_ae,condition_ridge,movement_time_mae_ms,1,34.838542304088236
8,conditional_ae,condition_ridge,movement_time_mae_ms,2,34.234514043081234
8,conditional_ae,condition_ridge,movement_time_mae_ms,3,19.56434277366495
8,conditional_ae,condition_ridge,initiation_time_mae_ms,0,83.02310073127528
8,conditional_ae,condition_ridge,initiation_time_mae_ms,1,48.34183635043327
8,conditional_ae,condition_ridge,initiation_time_mae_ms,2,63.866712050897085
8,conditional_ae,condition_ridge,initiation_time_mae_ms,3,39.23797148674292
8,conditional_ae,condition_ridge,mean_ks,0,0.009913923286016313
8,conditional_ae,condition_ridge,mean_ks,1,0.0507853257853258
8,conditional_ae,condition_ridge,mean_ks,2,0.003684247504472208
8,conditional_ae,condition_ridge,mean_ks,3,0.009929380383925835
8,conditional_ae,condition_ridge,ks_n_submovements,0,0.004894179894179898
8,conditional_ae,condition_ridge,ks_n_submovements,1,0.016666666666666666
8,conditional_ae,condition_ridge,ks_n_submovements,2,-0.01878306878306878
8,conditional_ae,condition_ridge,ks_n_submovements,3,0.0032106782106782156
8,conditional_ae,condition_ridge,energy_distance,0,0.061093187000037526
8,conditional_ae,condition_ridge,energy_distance,1,0.5949569758616419
8,conditional_ae,condition_ridge,energy_distance,2,0.06769695607468544
8,conditional_ae,condition_ridge,energy_distance,3,0.07024316960650094
8,conditional_ae,condition_ridge,mmd_rbf,0,0.004607358888374369
8,conditional_ae,condition_ridge,mmd_rbf,1,0.05952710021440181
8,conditional_ae,condition_ridge,mmd_rbf,2,0.0006959862083879216
8,conditional_ae,condition_ridge,mmd_rbf,3,-0.005954786331508773
8,unconditional_vae,spline_pca,trajectory_mse,0,-0.008194640754337986
8,unconditional_vae,spline_pca,trajectory_mse,1,-0.004879851864034793
8,unconditional_vae,spline_pca,trajectory_mse,2,-0.0030976384465249427
8,unconditional_vae,spline_pca,trajectory_mse,3,-0.02668617675311488
8,unconditional_vae,spline_pca,movement_time_mae_ms,0,9.846208425223713
8,unconditional_vae,spline_pca,movement_time_mae_ms,1,8.155139666696515
8,unconditional_vae,spline_pca,movement_time_mae_ms,2,11.021192742691765
8,unconditional_vae,spline_pca,movement_time_mae_ms,3,2.987030440945314
8,unconditional_vae,spline_pca,initiation_time_mae_ms,0,18.092215043516738
8,unconditional_vae,spline_pca,initiation_time_mae_ms,1,23.97823776149009
8,unconditional_vae,spline_pca,initiation_time_mae_ms,2,27.411968349049523
8,unconditional_vae,spline_pca,initiation_time_mae_ms,3,8.921286647348493
8,unconditional_vae,spline_pca,mean_ks,0,0.06033116323813998
8,unconditional_vae,spline_pca,mean_ks,1,0.03130943130943129
8,unconditional_vae,spline_pca,mean_ks,2,0.03467243326793891
8,unconditional_vae,spline_pca,mean_ks,3,0.03238007783462328
8,unconditional_vae,spline_pca,ks_n_submovements,0,0.10740740740740742
8,unconditional_vae,spline_pca,ks_n_submovements,1,-0.003968253968253961
8,unconditional_vae,spline_pca,ks_n_submovements,2,0.07486772486772487
8,unconditional_vae,spline_pca,ks_n_submovements,3,0.0992784992784993
8,unconditional_vae,spline_pca,energy_distance,0,0.4798436901191915
8,unconditional_vae,spline_pca,energy_distance,1,0.3830890826948416
8,unconditional_vae,spline_pca,energy_distance,2,0.1889329875513776
8,unconditional_vae,spline_pca,energy_distance,3,0.24293452113020803
8,unconditional_vae,spline_pca,mmd_rbf,0,0.08318904111550028
8,unconditional_vae,spline_pca,mmd_rbf,1,0.04432709420910275
8,unconditional_vae,spline_pca,mmd_rbf,2,0.044250330432209585
8,unconditional_vae,spline_pca,mmd_rbf,3,0.03387085942249691
8,unconditional_vae,condition_ridge,trajectory_mse,0,0.9395660144092913
8,unconditional_vae,condition_ridge,trajectory_mse,1,1.4647213048051244
8,unconditional_vae,condition_ridge,trajectory_mse,2,1.1408638701077687
8,unconditional_vae,condition_ridge,trajectory_mse,3,1.2560817776895405
8,unconditional_vae,condition_ridge,movement_time_mae_ms,0,32.24331934384087
8,unconditional_vae,condition_ridge,movement_time_mae_ms,1,34.580963548436166
8,unconditional_vae,condition_ridge,movement_time_mae_ms,2,34.776709700366474
8,unconditional_vae,condition_ridge,movement_time_mae_ms,3,20.473602488473272
8,unconditional_vae,condition_ridge,initiation_time_mae_ms,0,81.61420597328745
8,unconditional_vae,condition_ridge,initiation_time_mae_ms,1,50.89084610403362
8,unconditional_vae,condition_ridge,initiation_time_mae_ms,2,69.487172311202
8,unconditional_vae,condition_ridge,initiation_time_mae_ms,3,48.03594579679558
8,unconditional_vae,condition_ridge,mean_ks,0,0.07792487443650235
8,unconditional_vae,condition_ridge,mean_ks,1,0.05054482554482555
8,unconditional_vae,condition_ridge,mean_ks,2,0.06796185504050672
8,unconditional_vae,condition_ridge,mean_ks,3,0.05214154532336351
8,unconditional_vae,condition_ridge,ks_n_submovements,0,0.01917989417989417
8,unconditional_vae,condition_ridge,ks_n_submovements,1,0.006613756613756591
8,unconditional_vae,condition_ridge,ks_n_submovements,2,-0.0018518518518518654
8,unconditional_vae,condition_ridge,ks_n_submovements,3,0.017496392496392513
8,unconditional_vae,condition_ridge,energy_distance,0,0.40737298129653315
8,unconditional_vae,condition_ridge,energy_distance,1,0.580679824040673
8,unconditional_vae,condition_ridge,energy_distance,2,0.3435268334258837
8,unconditional_vae,condition_ridge,energy_distance,3,0.2992498138034722
8,unconditional_vae,condition_ridge,mmd_rbf,0,0.07905848445525002
8,unconditional_vae,condition_ridge,mmd_rbf,1,0.0631821634688699
8,unconditional_vae,condition_ridge,mmd_rbf,2,0.062114704284646036
8,unconditional_vae,condition_ridge,mmd_rbf,3,0.04353434243184199
8,spline_pca,condition_ridge,trajectory_mse,0,0.9477606551636292
8,spline_pca,condition_ridge,trajectory_mse,1,1.4696011566691596
8,spline_pca,condition_ridge,trajectory_mse,2,1.1439615085542936
8,spline_pca,condition_ridge,trajectory_mse,3,1.2827679544426556
8,spline_pca,condition_ridge,movement_time_mae_ms,0,22.397110918617148
8,spline_pca,condition_ridge,movement_time_mae_ms,1,26.425823881739653
8,spline_pca,condition_ridge,movement_time_mae_ms,2,23.755516957674708
8,spline_pca,condition_ridge,movement_time_mae_ms,3,17.48657204752796
8,spline_pca,condition_ridge,initiation_time_mae_ms,0,63.521990929770716
8,spline_pca,condition_ridge,initiation_time_mae_ms,1,26.912608342543535
8,spline_pca,condition_ridge,initiation_time_mae_ms,2,42.075203962152486
8,spline_pca,condition_ridge,initiation_time_mae_ms,3,39.114659149447085
8,spline_pca,condition_ridge,mean_ks,0,0.017593711198362373
8,spline_pca,condition_ridge,mean_ks,1,0.019235394235394252
8,spline_pca,condition_ridge,mean_ks,2,0.033289421772567815
8,spline_pca,condition_ridge,mean_ks,3,0.019761467488740237
8,spline_pca,condition_ridge,ks_n_submovements,0,-0.08822751322751324
8,spline_pca,condition_ridge,ks_n_submovements,1,0.010582010582010554
8,spline_pca,condition_ridge,ks_n_submovements,2,-0.07671957671957676
8,spline_pca,condition_ridge,ks_n_submovements,3,-0.08178210678210678
8,spline_pca,condition_ridge,energy_distance,0,-0.07247070882265831
8,spline_pca,condition_ridge,energy_distance,1,0.19759074134583138
8,spline_pca,condition_ridge,energy_distance,2,0.15459384587450611
8,spline_pca,condition_ridge,energy_distance,3,0.056315292673264225
8,spline_pca,condition_ridge,mmd_rbf,0,-0.004130556660250255
8,spline_pca,condition_ridge,mmd_rbf,1,0.018855069259767144
8,spline_pca,condition_ridge,mmd_rbf,2,0.017864373852436454
8,spline_pca,condition_ridge,mmd_rbf,3,0.009663483009345072
