run,family,dim,fold,seed,epoch,epochs_run,checkpoint_sha256,max_timing_error,max_mse_error,encoder_swap_change,decoder_swap_change,encoder_condition0_gradient,decoder_condition0_gradient,encoder_condition1_gradient,decoder_condition1_gradient,encoder_condition2_gradient,decoder_condition2_gradient,encoder_condition3_gradient,decoder_condition3_gradient,encoder_condition4_gradient,decoder_condition4_gradient
conditional_ae\fold0\conditional_ae_z3_seed42,conditional_ae,3,0,42,75,100,330cad57931049862d7062cdf14661c1448a6855b96546ac48d4c236460ca861,2.9726409889185845e-08,3.9007568286564265e-08,0.39874768257141113,0.4197467565536499,2.530658721923828,19.272937774658203,1.5625255107879639,31.70877456665039,2.1842663288116455,44.62639617919922,2.8856265544891357,18.96746253967285,1.2499279975891113,22.494186401367188
conditional_ae\fold0\conditional_ae_z3_seed43,conditional_ae,3,0,43,74,99,5a35dc97dfadf57cc9f35216dbb0eafab9f5f510506292e06cc0d22f01a455ad,2.7768707222541877e-08,3.7158203181064664e-08,0.4421783685684204,0.5761481523513794,1.7546489238739014,10.14560604095459,2.6775543689727783,8.736917495727539,2.404313802719116,13.36813735961914,2.7422399520874023,18.814367294311523,1.5049482583999634,31.029767990112305
conditional_ae\fold0\conditional_ae_z3_seed44,conditional_ae,3,0,44,73,98,a4880e18de78fd84993da4d049519872dd9028f916f060cff34764345b537ab1,4.900665273588345e-08,9.410095236361826e-08,0.35858798027038574,0.6056177616119385,0.9731206893920898,5.937532901763916,0.8136720061302185,21.22256088256836,1.176559329032898,29.418659210205078,1.0123642683029175,22.876834869384766,1.0652525424957275,46.001258850097656
conditional_ae\fold0\conditional_ae_z8_seed42,conditional_ae,8,0,42,65,90,22e86db1a882f3986df466b13a62d5e00a6152ed5d96f95e975c5c781a04c908,3.170928963847075e-08,6.169891375584768e-09,0.3230637311935425,0.20414555072784424,2.733112096786499,12.82497501373291,2.061112403869629,5.622314453125,1.4346997737884521,9.264067649841309,0.8997513055801392,5.690632343292236,2.155536651611328,9.058809280395508
conditional_ae\fold0\conditional_ae_z8_seed43,conditional_ae,8,0,43,61,86,249af3a76e6de505d2a367cefe9aae860e0836a38aa78d37eb011c034dcd5a06,2.7288055370888742e-08,2.9133605972120336e-08,0.2789481282234192,0.19572603702545166,1.934695839881897,5.490275859832764,1.2355486154556274,8.52536392211914,1.6836003065109253,6.02903938293457,1.2003556489944458,6.760913372039795,1.6910897493362427,9.519729614257812
conditional_ae\fold0\conditional_ae_z8_seed44,conditional_ae,8,0,44,49,74,3cb837fbefc15aaccae5b9e53d0d6f1edbbd9f230d6fd590509bdb794f0104c6,1.486892697855069e-08,2.400207521624509e-08,0.2232520580291748,0.19801516830921173,1.2208510637283325,2.9079883098602295,1.3035814762115479,4.473834037780762,1.5284535884857178,6.828362941741943,2.33420467376709,11.502609252929688,1.344136118888855,5.2564826011657715
conditional_ae\fold1\conditional_ae_z3_seed42,conditional_ae,3,1,42,32,57,c7503021b015c876c5fb8433f28c5f6173ad87e33e7ca8f0cf23f339c65c1888,2.977447510765785e-08,1.3546752963833342e-07,0.14751625061035156,0.5092918872833252,7.30595064163208,58.17009735107422,6.450103759765625,110.76000213623047,4.089961528778076,166.2531280517578,5.0250773429870605,121.31123352050781,9.943902969360352,192.77220153808594
conditional_ae\fold1\conditional_ae_z3_seed43,conditional_ae,3,1,43,57,82,732e7692e5f9e442b24e56e5353f96b52f4fadcc3d32e644f8c1fdb88ae9efe5,4.792175301027157e-08,4.0698242109726834e-07,0.4210014343261719,0.6344585418701172,12.539341926574707,37.530921936035156,9.561779022216797,53.259159088134766,6.156616687774658,66.35208892822266,4.781692028045654,38.493316650390625,9.405888557434082,124.2962646484375
conditional_ae\fold1\conditional_ae_z3_seed44,conditional_ae,3,1,44,45,70,a34ef43e2c431172dfb54c92fa378c202f8568175584d77f2814588d91f8dc5c,4.614868154284579e-08,4.647216798048248e-07,0.728419303894043,0.7183253765106201,6.838735580444336,89.41078186035156,7.404674530029297,56.92644500732422,6.797828197479248,73.62678527832031,6.057322978973389,62.333518981933594,11.949466705322266,100.75569152832031
conditional_ae\fold1\conditional_ae_z8_seed42,conditional_ae,8,1,42,80,105,8f16dd6669b1664dc909d9940723392f202990fd026aa5e45b159937859d2481,2.9370117227145442e-08,3.5560608013796013e-08,0.29760146141052246,0.34140676259994507,12.76181411743164,38.022239685058594,6.073978424072266,45.39864730834961,3.9740021228790283,114.7122573852539,6.162901401519775,49.932098388671875,9.365903854370117,114.55309295654297
conditional_ae\fold1\conditional_ae_z8_seed43,conditional_ae,8,1,43,47,72,b9173362d2acd0dd6d37499043eb988a9ff3f9af1975125e28bbdac3011b9689,4.925994878668405e-08,2.0368957409644395e-08,0.13276159763336182,0.19249534606933594,8.808528900146484,63.74578094482422,6.551490783691406,30.393457412719727,2.8811075687408447,27.545408248901367,1.5156197547912598,24.079076766967773,5.996881008148193,31.84990692138672
conditional_ae\fold1\conditional_ae_z8_seed44,conditional_ae,8,1,44,82,107,73e920d326a8c11242195b30b53a99b41d17a4718efea738f5b8ecfc45393d09,4.17449950163018e-08,2.9404449430892043e-08,0.2873344421386719,0.41913557052612305,12.218645095825195,22.11431312561035,7.725179672241211,73.09645080566406,6.8195390701293945,86.4144515991211,3.3248231410980225,17.457788467407227,10.313117980957031,58.40446472167969
conditional_ae\fold2\conditional_ae_z3_seed42,conditional_ae,3,2,42,53,78,c9d00b9965907c5912815fed8111b602f9a2a4a1a4860cbcc5b248e06d3f5ae0,4.0386962885108346e-08,4.5080566479782647e-07,0.5170714855194092,0.6668267846107483,1.7208611965179443,47.12549591064453,2.420128345489502,49.12228012084961,1.6327728033065796,58.399993896484375,1.7948049306869507,17.738922119140625,2.369908094406128,64.30682373046875
conditional_ae\fold2\conditional_ae_z3_seed43,conditional_ae,3,2,43,34,59,ee734f3be04293c6e025f076399cf5147549d56c31b1f9cf6c3998bc4a0f5883,3.358612055137655e-08,2.947998041236133e-07,0.2133130431175232,0.547255277633667,1.5152653455734253,19.998004913330078,1.7727887630462646,16.564361572265625,1.425650715827942,17.8718204498291,1.0806764364242554,24.686838150024414,1.894719123840332,93.49829864501953
conditional_ae\fold2\conditional_ae_z3_seed44,conditional_ae,3,2,44,37,62,c6869424580b2d71139f0d123d05f76a3c76c8278f6786c26f28d24873c6b52f,4.5512390078883413e-08,7.446289096435521e-08,0.34127357602119446,0.5739314556121826,1.1971577405929565,12.15406608581543,1.1926919221878052,15.251363754272461,1.2914655208587646,69.24427795410156,1.090274691581726,31.309497833251953,2.011549472808838,66.90766906738281
conditional_ae\fold2\conditional_ae_z8_seed42,conditional_ae,8,2,42,55,80,bceee5e97dcbd750b126aab5db877d5d9601165be55f275a8615e8c1cbbac28f,4.0260314859708046e-08,2.5387573265867047e-08,0.18971586227416992,0.23157107830047607,3.1274256706237793,17.37557029724121,1.4256051778793335,5.783149719238281,1.119492769241333,24.37397003173828,0.8302263021469116,7.008050441741943,2.2555248737335205,32.76040267944336
conditional_ae\fold2\conditional_ae_z8_seed43,conditional_ae,8,2,43,46,71,78c1cf32a84e9d0740c1e73a865b5eb772ec4bb1c3d5fa99f7747d997ec77174,4.2840576197633595e-08,2.8076171831870056e-08,0.29878926277160645,0.2505713105201721,4.019991874694824,20.244524002075195,1.0917863845825195,7.625375747680664,2.0888805389404297,8.582908630371094,0.42995303869247437,7.597410678863525,3.4224166870117188,22.968908309936523
conditional_ae\fold2\conditional_ae_z8_seed44,conditional_ae,8,2,44,49,74,184cf9ef6aa625c2303a8a67a994ca07068923eafd75ad3c0f722e6e8f1e9f75,4.322357183283998e-08,5.030822758378406e-08,0.19965428113937378,0.26741325855255127,3.4969959259033203,7.790280342102051,2.4024198055267334,9.476123809814453,0.9130709171295166,10.476407051086426,1.1483638286590576,10.171911239624023,2.9677529335021973,20.473737716674805
conditional_ae\fold3\conditional_ae_z3_seed42,conditional_ae,3,3,42,19,44,277966bee4d3eebff1d5022ed45d08a66022ea136289a7f4689b70449843d1f5,5.9494018600503296e-08,2.3358154344066406e-07,0.3232696056365967,0.5856306552886963,8.904535293579102,85.61486053466797,2.3971874713897705,86.53645324707031,10.187823295593262,165.70619201660156,6.921773433685303,39.98786163330078,11.285455703735352,103.99807739257812
conditional_ae\fold3\conditional_ae_z3_seed43,conditional_ae,3,3,43,9,34,223ad88f5096183b956272728b8620dcb55dfd040a8aa078f74baddc29de89dc,2.678756716445463e-08,3.637084962093695e-07,0.2537039518356323,0.2867114543914795,2.171123743057251,53.52024841308594,0.7267976403236389,32.282386779785156,2.5463762283325195,23.097835540771484,1.8331714868545532,22.316587448120117,3.1502561569213867,230.61026000976562
conditional_ae\fold3\conditional_ae_z3_seed44,conditional_ae,3,3,44,20,45,aa22f792dbb294eb009411dc59d749b7e79a2a3be913ca0e417b5c3b98cd5427,2.8057861367614123e-08,5.6884765342601895e-08,0.26541900634765625,0.31369924545288086,3.963761329650879,124.21923828125,3.1112029552459717,128.08242797851562,11.467137336730957,190.52528381347656,17.777103424072266,63.610076904296875,10.551215171813965,282.2291259765625
conditional_ae\fold3\conditional_ae_z8_seed42,conditional_ae,8,3,42,53,78,d2a621cd604f5528ebf4730272ae35149f27f74339c2ecc2c64dae18250e671b,2.956771849582651e-08,3.7521362239445466e-08,0.33050769567489624,0.3071258068084717,22.046947479248047,48.21222686767578,18.436359405517578,59.3812255859375,6.932107448577881,86.86225128173828,2.8113906383514404,68.8781967163086,24.07805061340332,55.23870086669922
conditional_ae\fold3\conditional_ae_z8_seed43,conditional_ae,8,3,43,36,61,787c528563438125c1952922637594b0f30c0f793ee2fa544df53bd2139ede33,1.2646484037759365e-07,4.231262185072637e-08,0.3027353286743164,0.3065601885318756,30.061159133911133,59.763771057128906,13.320259094238281,40.39711380004883,12.72934341430664,37.40480422973633,2.7894833087921143,22.384174346923828,27.47040367126465,73.89241027832031
conditional_ae\fold3\conditional_ae_z8_seed44,conditional_ae,8,3,44,40,65,757ec05b0cf2306b0778fb4bdc5af91c1f7333aef18091cd5c75b430e00c2fb1,4.694976807328999e-08,4.135589604103984e-08,0.29002970457077026,0.2553967237472534,23.65880584716797,41.27407455444336,9.674400329589844,77.49091339111328,18.91887664794922,24.498403549194336,9.06058406829834,24.68057632446289,29.578659057617188,43.94245147705078
cvae\fold0\cvae_z2_seed42,cvae,2,0,42,56,81,1cc4065e2b506fde72187147e2c7956b777d37f71e323accb19e3aa99e67c065,2.4472808890507736e-08,1.051330564827424e-07,0.050763070583343506,0.31856095790863037,0.38890722393989563,30.907711029052734,0.22450509667396545,36.26275634765625,0.2781907916069031,42.53357696533203,0.46599483489990234,33.5251579284668,0.47644880414009094,30.070114135742188
cvae\fold0\cvae_z2_seed43,cvae,2,0,43,30,55,d7a85c43733f945d79754a68f8bcaf0e559410de4d9819f944595677054e2d44,2.1409606976163786e-08,4.896240235474636e-08,0.11920285224914551,0.18167710304260254,0.303842693567276,13.286215782165527,0.35958346724510193,7.6203460693359375,0.2529517114162445,6.653594017028809,0.33842381834983826,18.967082977294922,0.36672741174697876,33.360931396484375
cvae\fold0\cvae_z2_seed44,cvae,2,0,44,43,68,8d711379e3a0ec73563cd141b6d51f3dfc0b212a75f1ae119a9386d68e32d6fa,3.055572506127646e-08,3.247070310408162e-07,0.1352705955505371,0.3700806796550751,0.1459745317697525,13.749675750732422,0.28084874153137207,22.6718692779541,0.5732357501983643,40.89769744873047,0.49470165371894836,31.511051177978516,0.3754573464393616,27.05469512939453
cvae\fold0\cvae_z3_seed42,cvae,3,0,42,91,116,93a3dc719cc3abb95dbe18282f433fd2df21307536c0ff00ce7e882c62694f6e,2.6385498008707486e-08,4.902343753165894e-08,0.2308097928762436,0.5056259632110596,0.47171810269355774,22.05877685546875,0.30963149666786194,32.476287841796875,0.6875831484794617,38.2255859375,1.1828793287277222,27.730594635009766,0.38693150877952576,23.264739990234375
cvae\fold0\cvae_z3_seed43,cvae,3,0,43,74,99,c913a379049a28fb8e4d2f5a0c83217f0b7d1ab65a3d279c858b8441abd3c9ce,3.504791257213924e-08,4.1110229442864465e-08,0.246207594871521,0.5204160213470459,0.27267658710479736,10.76323127746582,0.48802778124809265,11.689569473266602,0.5765382051467896,20.517101287841797,0.44663625955581665,14.034358978271484,0.3887065649032593,15.612030029296875
cvae\fold0\cvae_z3_seed44,cvae,3,0,44,73,98,8f537d81f59a92dadff57fc7159c00c29a64f01c7f8db13724f570ac9d9c0649,4.918518059504606e-08,3.40087891181895e-08,0.16598570346832275,0.6759242415428162,0.2744845151901245,17.000282287597656,0.3006356358528137,11.379690170288086,0.39697983860969543,30.08283233642578,0.418952077627182,27.222734451293945,0.5152084827423096,16.909324645996094
cvae\fold0\cvae_z4_seed42,cvae,4,0,42,91,116,a4847c4e0568aedad69b49a3fa98235d7cd14146fa64607a9b01cae96ec2831f,2.7807617208885915e-08,3.345031740487059e-08,0.14900118112564087,0.6271709203720093,0.35714346170425415,35.26088333129883,0.3083794414997101,20.783451080322266,0.7702282667160034,16.56010627746582,0.30654653906822205,20.860036849975586,0.46537238359451294,33.87338638305664
cvae\fold0\cvae_z4_seed43,cvae,4,0,43,103,128,923992c402986eaf0260b121db144ca7e0605a83d1b93a71f4c54c775e55990d,2.872695925582036e-08,2.6969909638907552e-08,0.17615148425102234,0.5441911816596985,0.36206257343292236,22.452112197875977,0.31376874446868896,13.016671180725098,0.5732370018959045,19.693761825561523,0.43852609395980835,20.360370635986328,0.5057629942893982,15.12798023223877
cvae\fold0\cvae_z4_seed44,cvae,4,0,44,60,85,0c5ca3418081001489d2b141b67db7880eaea1a3ac68c39770bf14a08dc19729,3.436431894598968e-08,2.960052492007037e-08,0.19430875778198242,0.6485812067985535,0.47581589221954346,16.728914260864258,0.2869548797607422,9.926172256469727,0.7655280828475952,13.085190773010254,0.3597278296947479,16.831340789794922,0.40729397535324097,19.01896858215332
cvae\fold0\cvae_z8_seed42,cvae,8,0,42,148,150,cb70e2cbe734134a55ed8c297eda8a367a5387f68724d21efb07e9c54b6950a4,2.7410125724713907e-08,1.1917114295378894e-08,0.23549509048461914,0.3015996515750885,1.8078519105911255,12.787311553955078,1.3565484285354614,12.14317512512207,1.7641286849975586,17.351259231567383,0.39320677518844604,4.840483665466309,2.029665231704712,12.424386024475098
cvae\fold0\cvae_z8_seed43,cvae,8,0,43,150,150,4c396646e31b5007060cbc259e08e0e9d265f2feae0c839be65b674887047400,4.1674804718283553e-08,1.0215759349563314e-08,0.24960359930992126,0.2702333629131317,2.6773171424865723,8.176107406616211,1.65494704246521,11.613585472106934,2.326495409011841,7.129344463348389,0.42884525656700134,4.5157389640808105,2.4070677757263184,19.89776039123535
cvae\fold0\cvae_z8_seed44,cvae,8,0,44,96,121,295db7a03dce08cb0264c88c65b87ba556359e1455cdc0a9d0263f7ae8ee5b7c,3.243255619622687e-08,6.892394988078365e-09,0.220554381608963,0.24878226220607758,1.9312794208526611,15.941665649414062,1.617268443107605,11.899821281433105,2.1729981899261475,10.451780319213867,0.5824927687644958,12.234689712524414,2.3750691413879395,25.727041244506836
cvae\fold1\cvae_z2_seed42,cvae,2,1,42,46,71,05eede1710905ecf7915a0bb999abfee2849306cb4874b4182619c636fc54109,3.341827392588925e-08,4.5391845659992214e-07,0.08867359161376953,1.1258580684661865,1.2212074995040894,231.1007537841797,1.2289988994598389,224.63551330566406,0.49525925517082214,334.2594909667969,1.3647630214691162,94.9000473022461,1.0021497011184692,83.07960510253906
cvae\fold1\cvae_z2_seed43,cvae,2,1,43,34,59,bf0a7e4c51b67df915d534d1a07a23ba685561e008e4c0f0586d2b743cd29f4d,2.881317140435158e-08,4.89013672222427e-07,0.0700521469116211,0.717785120010376,0.676881730556488,127.35311889648438,0.6402682065963745,85.054931640625,0.7616084218025208,60.01025390625,0.4241330325603485,61.99335479736328,0.7711132764816284,105.56733703613281
cvae\fold1\cvae_z2_seed44,cvae,2,1,44,50,75,ceb639618cad0272599f9332079e10afed9f17702fddeb0cdbfe8dc7896d921f,2.6602935743191836e-08,3.4906005907942017e-07,0.2905302345752716,0.6705985069274902,0.3271752595901489,54.83100128173828,0.39310601353645325,83.43175506591797,0.7440833449363708,92.05322265625,0.887096643447876,45.55644989013672,0.5591766238212585,77.18871307373047
cvae\fold1\cvae_z3_seed42,cvae,3,1,42,38,63,068431ff2f067f09809f47210539435410831f90e4ab44799db092878e91fdb0,2.9731750506023502e-08,2.127075191538097e-07,0.36189210414886475,0.4613344073295593,4.44498348236084,42.56987380981445,3.2778286933898926,84.47296905517578,3.0027828216552734,64.75165557861328,1.8243128061294556,126.96598815917969,1.8543211221694946,111.26687622070312
cvae\fold1\cvae_z3_seed43,cvae,3,1,43,91,116,d4f0f61d63193fd7a13d3b20aa4937f6fc5ce3ab3ab0abc40e985cf6cb9d84e5,3.439636220292641e-08,2.120971682728623e-07,0.9158520698547363,0.9546486139297485,0.9509232640266418,233.22877502441406,0.43300169706344604,321.85113525390625,0.7794972062110901,164.1455841064453,1.3026080131530762,143.51803588867188,0.5870985388755798,226.0530548095703
cvae\fold1\cvae_z3_seed44,cvae,3,1,44,63,88,fac9930fa3967e8ec91438095e84bb95f93368bfbb9d651e73949e8b30692343,2.9127502410020156e-08,2.3184204067661085e-07,0.13730943202972412,0.6648409366607666,1.0231685638427734,100.38274383544922,1.0369648933410645,71.15784454345703,1.479415774345398,76.04396057128906,1.6757060289382935,73.08761596679688,1.3951259851455688,95.24532318115234
cvae\fold1\cvae_z4_seed42,cvae,4,1,42,66,91,0098fcc9aa3c8ad07f9d8a05fb321a50299a8dd6567cab0a109f6b74949a3df2,2.7644348143951447e-08,9.674072298793135e-08,0.08178055286407471,0.6197290420532227,0.7977322936058044,259.6106262207031,0.6152323484420776,236.19007873535156,0.6706613898277283,87.01179504394531,0.6584789752960205,135.06236267089844,0.8486323952674866,116.95921325683594
cvae\fold1\cvae_z4_seed43,cvae,4,1,43,46,71,8f073b95039776848018649ae43a33536efd8d55094e995340bf855b606d7f2c,4.619598392707758e-08,2.4951171795351e-07,0.08576619625091553,0.4238702058792114,0.5419488549232483,183.64614868164062,0.7892181873321533,124.49300384521484,0.7501436471939087,80.13079833984375,0.6782059073448181,98.20905303955078,0.8296065926551819,97.50473022460938
cvae\fold1\cvae_z4_seed44,cvae,4,1,44,34,59,55e961502300732bbfc99e5521f491740d71203b7d63d4c8384923dec70dadc3,3.9482116687139523e-08,4.6704101563932454e-07,0.14185428619384766,0.3775840997695923,0.6660522818565369,88.42792510986328,0.8247789740562439,31.55224609375,0.709151029586792,67.46817779541016,0.6567885279655457,56.850059509277344,0.539962887763977,35.956871032714844
cvae\fold1\cvae_z8_seed42,cvae,8,1,42,59,84,e6f95c4205e277fbd016bbd214e4938a8f712b7418054b61231e1a1a929b818a,3.378143320631466e-08,2.580108637850742e-08,0.15554022789001465,0.33265313506126404,1.7131891250610352,190.22425842285156,1.7666056156158447,153.39456176757812,2.0466620922088623,189.97669982910156,0.8993706703186035,61.41911315917969,2.6905031204223633,173.63536071777344
cvae\fold1\cvae_z8_seed43,cvae,8,1,43,84,109,18216e16a5342d15197a35bc529c6382a9b0a95e66f6fbdc463b0d06e7926420,4.143981935378349e-08,4.209594717252685e-08,0.2299332618713379,0.34395790100097656,1.294724702835083,198.9549102783203,2.207533836364746,275.7091979980469,1.4842349290847778,253.21910095214844,1.3271490335464478,75.79780578613281,1.7625583410263062,269.0953063964844
cvae\fold1\cvae_z8_seed44,cvae,8,1,44,77,102,16c170efef329660f04e6e498bd7a3ae36dee361b91c492b2844fed085c5c783,4.649353035901527e-08,4.924774166248369e-08,0.20221954584121704,0.39880460500717163,1.9620530605316162,276.9910583496094,1.8270909786224365,293.1441345214844,2.8381805419921875,298.2552490234375,1.24049973487854,75.05189514160156,2.8653745651245117,262.9831237792969
cvae\fold2\cvae_z2_seed42,cvae,2,2,42,83,108,0d727a2eaf48ee6deaaea73350c342e7542fd784bd52012ce99fdf52628529c1,4.500122074979629e-08,3.1707763703536784e-07,0.18533697724342346,0.8833238482475281,0.6943771839141846,175.49856567382812,0.3908824920654297,28.457435607910156,0.955877423286438,69.11139678955078,0.16466699540615082,135.33578491210938,0.9787790775299072,198.7584228515625
cvae\fold2\cvae_z2_seed43,cvae,2,2,43,64,89,bc942a7b40ff3992918a5408132002c9a886339577896f8678e22b7f925328d4,2.779617314097038e-08,4.6392822206087203e-07,0.1186322569847107,0.6402907967567444,0.5044845938682556,69.17997741699219,0.2287549376487732,59.683650970458984,1.0570266246795654,70.10137939453125,0.12705154716968536,29.122821807861328,1.0285847187042236,70.18991088867188
cvae\fold2\cvae_z2_seed44,cvae,2,2,44,53,78,25b9864caa0d07a2e378fea5cf5824b766dae6c79b35971c07f90d6ab6476af4,2.980194091506405e-08,2.1246337844615937e-07,0.17933212220668793,0.6000193357467651,0.24989928305149078,86.63127899169922,0.11781954020261765,48.358062744140625,0.29044994711875916,37.80274963378906,0.16571810841560364,69.2417221069336,0.2565751075744629,53.56541061401367
cvae\fold2\cvae_z3_seed42,cvae,3,2,42,61,86,785bbee8d38d8559fb9b1f8b95bd7ecca746d7f1dde41f5538963ec1a003e1d3,3.4295654316451873e-08,4.110717775063222e-07,0.25760310888290405,0.5945971012115479,0.16357722878456116,46.78774642944336,0.30496281385421753,65.64451599121094,0.26416078209877014,21.540855407714844,0.2905588448047638,21.51764678955078,0.2796059846878052,40.245513916015625
cvae\fold2\cvae_z3_seed43,cvae,3,2,43,64,89,507f6fee4b17a75d2758386f71a14edf1a483ab86df237f8381b8057a4cec43c,5.4603576549183686e-08,1.9842529308533585e-07,0.22104710340499878,0.5698619484901428,0.1435369998216629,37.91037368774414,0.3231668472290039,38.40052795410156,0.25962361693382263,24.51495933532715,0.2232486754655838,30.99083709716797,0.2795863449573517,37.45233154296875
cvae\fold2\cvae_z3_seed44,cvae,3,2,44,39,64,3ada94c167176e381c15d946b1cd6d1500b3d66d1eac2e8f6a7da0520a2bbb02,4.242706297397092e-08,1.3052368164068184e-07,0.21438920497894287,0.6367257237434387,0.2084873765707016,36.971595764160156,0.2309717833995819,25.471744537353516,0.2504555583000183,21.637470245361328,0.24940501153469086,34.28749465942383,0.2099071890115738,74.83384704589844
cvae\fold2\cvae_z4_seed42,cvae,4,2,42,61,86,dda0e15a35cf77d15d37df580b9d8157599787a8f9b51330323f3cc0b1efcf5f,4.992675783910272e-08,3.5433959988395713e-08,0.1775512397289276,0.5428344011306763,0.27660250663757324,30.057802200317383,0.49588802456855774,21.04827308654785,0.40377485752105713,19.14794921875,0.14119185507297516,16.44544792175293,0.45120471715927124,45.51593017578125
cvae\fold2\cvae_z4_seed43,cvae,4,2,43,81,106,f37ace5848a4ef69cc6960ca018f63e32c9e99b18dd970a2c6d5ed833c7fffcd,4.7434997485495956e-08,1.1753845230444426e-07,0.1517491340637207,0.7099775075912476,0.34239697456359863,112.05809020996094,0.3546804189682007,84.82198333740234,0.40720999240875244,56.917442321777344,0.2519693374633789,39.91939926147461,0.4413129985332489,73.46837615966797
cvae\fold2\cvae_z4_seed44,cvae,4,2,44,108,133,65ed79ff7445d864f8499f4f64a043c3b6921e556d69f460b6e3688ab6684d1f,4.40017700054085e-08,9.413146973002995e-08,0.20991766452789307,0.5895647406578064,0.30679231882095337,105.27110290527344,0.4642733335494995,125.71536254882812,0.3682120144367218,91.90399169921875,0.1618730127811432,10.502694129943848,0.4161083996295929,65.30414581298828
cvae\fold2\cvae_z8_seed42,cvae,8,2,42,134,150,4548a79d8538b5095433049b803d1c61d567a3765ece3ff233d6107a22f26c17,4.9555969328096694e-08,2.4572754053764356e-08,0.20488108694553375,0.493843674659729,1.2659180164337158,53.70290756225586,1.0552936792373657,83.58873748779297,0.8309400677680969,75.34371948242188,0.35606685280799866,14.69596004486084,1.0287600755691528,82.90869140625
cvae\fold2\cvae_z8_seed43,cvae,8,2,43,115,140,f7003b953fd1fb89a4db94cd8b48507747bd3e0d7b29e9dc3ff349d999793ada,3.563385009286435e-08,2.5483703591788753e-08,0.2837017774581909,0.33684736490249634,1.4376335144042969,71.09739685058594,1.4966551065444946,66.19639587402344,1.5539436340332031,56.21345138549805,0.2808713912963867,16.27168083190918,2.0136640071868896,72.7278060913086
cvae\fold2\cvae_z8_seed44,cvae,8,2,44,147,150,5c4426e4926b6d428eadc102afc94191571d75966af5de538dbc515667fad4af,4.104003914484622e-08,3.577423091094545e-08,0.29964232444763184,0.3112466335296631,1.2532576322555542,127.79181671142578,1.0658289194107056,92.28987121582031,1.4391710758209229,74.07485961914062,0.6053735017776489,39.61510467529297,1.2096184492111206,136.5409698486328
cvae\fold3\cvae_z2_seed42,cvae,2,3,42,65,90,b5cb5a9d4cf282936cbe450a0ee105f44923b2f3dba1210bc0cb25962c7d15c8,2.998199466475171e-08,4.443969725542729e-07,0.46964195370674133,0.8448425531387329,1.4558477401733398,127.4627914428711,2.2688865661621094,248.09417724609375,2.515681028366089,186.14877319335938,2.535003185272217,128.94143676757812,3.2771575450897217,290.4833679199219
cvae\fold3\cvae_z2_seed43,cvae,2,3,43,121,146,cd765a7d2efc1d73ecbfa556bf352ddf16fb6f7829e4a234951a8b8429c3fe79,4.661865204980131e-08,8.099365231828415e-07,0.2390729784965515,2.2711246013641357,1.1389904022216797,171.8304901123047,0.46650102734565735,180.91683959960938,0.36785849928855896,495.2047119140625,0.4770772457122803,144.3727264404297,0.5971896052360535,469.7484130859375
cvae\fold3\cvae_z2_seed44,cvae,2,3,44,88,113,1807a835a6c7d10c0c2b9828a855240556b17c098b982d0308c36b91ca57a142,3.083190924790813e-08,3.0065918110722123e-07,0.16389840841293335,1.856673240661621,0.7406957149505615,242.72604370117188,0.46205127239227295,153.3358154296875,0.7864449620246887,310.3186950683594,0.6684586405754089,211.15553283691406,1.0246424674987793,106.11308288574219
cvae\fold3\cvae_z3_seed42,cvae,3,3,42,43,68,9d8cae72136478aaec350f461079ee4441b7a7f91842b57ede67b8c719b7db79,2.444534297207923e-08,2.416992188614131e-07,0.31485289335250854,0.6214488744735718,1.4223716259002686,111.03990173339844,0.7191489934921265,138.79617309570312,1.3573697805404663,61.30653381347656,0.9546342492103577,47.45030975341797,1.767777919769287,101.35502624511719
cvae\fold3\cvae_z3_seed43,cvae,3,3,43,2,51,311de979a801bd97efc36b98c85a793129f61d3cbbc0779c156e692e0bc9e232,1.4874649068019608e-08,4.558715822611248e-07,0.10106015205383301,0.2480926513671875,1.1172938346862793,25.456722259521484,3.875990390777588,58.48361587524414,1.2816671133041382,20.350696563720703,0.8848862648010254,87.80467224121094,1.9376813173294067,39.128753662109375
cvae\fold3\cvae_z3_seed44,cvae,3,3,44,40,65,ae39bbc0e5f07880c1105277f5528bf174472447ec1fe50dbb6022595a0c3d0d,4.133605946421426e-08,1.5078735327023196e-07,0.2674574851989746,0.6319522857666016,0.9037861824035645,124.29098510742188,1.4953148365020752,82.5170669555664,0.8717739582061768,162.4630126953125,0.5356643795967102,115.00211334228516,0.9942737817764282,73.012451171875
cvae\fold3\cvae_z4_seed42,cvae,4,3,42,34,59,d2f67628a3ec07699188a5a5410b4dcc4f2a9df77582a8976698bc7c9f8c56b2,4.8368835381396025e-08,4.5532226522482233e-07,0.3320438861846924,0.5528229475021362,1.0598158836364746,131.6042938232422,0.6352227926254272,188.4617462158203,0.5636507272720337,35.34275436401367,1.358040452003479,37.32463455200195,0.5760199427604675,190.17088317871094
cvae\fold3\cvae_z4_seed43,cvae,4,3,43,48,73,0b380bbd4d5b8b5ec0202daf04349e597d3fa2eb9eeb1a8ea2cf61d53425131b,3.583221430680794e-08,2.469482431877168e-07,0.1632481813430786,0.5090895891189575,1.1670291423797607,284.9001159667969,1.0278886556625366,232.7564697265625,0.7281462550163269,176.94921875,0.9957860112190247,54.55259704589844,0.5895403623580933,161.0647735595703
cvae\fold3\cvae_z4_seed44,cvae,4,3,44,43,68,55f94a8aecc2831cd6b790fa0d881b636c19c7e195d5694a3462c06701053d6b,4.8544311681553154e-08,3.4704589779721573e-07,0.26547273993492126,0.5748724937438965,1.1339308023452759,155.96298217773438,1.5348299741744995,156.99623107910156,1.7315486669540405,77.42474365234375,0.844724714756012,37.7853889465332,1.592424988746643,140.04714965820312
cvae\fold3\cvae_z8_seed42,cvae,8,3,42,73,98,0a07a588573266b4d29382206075e67dacc12a9f1283577650d94322c6539fd1,7.157897963239179e-08,4.60357667542155e-08,0.16128230094909668,0.4910576343536377,2.263678550720215,430.3674011230469,4.050968647003174,337.9324951171875,5.578989028930664,339.6879577636719,1.8925719261169434,47.50957489013672,3.7846767902374268,403.7897644042969
cvae\fold3\cvae_z8_seed43,cvae,8,3,43,79,104,896101d211d2cd3391738770ef6982ac619d35c50cbad69045ad5bb4567464d9,3.57238770121171e-07,3.628082279050204e-08,0.1596362590789795,0.36408042907714844,0.8371226191520691,319.35028076171875,1.1087454557418823,329.7301025390625,3.6911191940307617,300.6446228027344,1.0181509256362915,63.939476013183594,2.389854907989502,603.196533203125
cvae\fold3\cvae_z8_seed44,cvae,8,3,44,70,95,84f453896cf5213db208777c9725e79c115f434bde5ba2fcb13dc3e9b35b19f5,1.9937133810543628e-07,2.502670293225151e-08,0.15381303429603577,0.6777162551879883,3.2892470359802246,296.2774658203125,2.6896567344665527,326.7038269042969,6.783156871795654,280.1037902832031,2.4838995933532715,104.70811462402344,5.524270534515381,305.91131591796875
unconditional_vae\fold0\unconditional_vae_z3_seed42,unconditional_vae,3,0,42,101,126,e0d6f3a9da958c8b261e0f81eda08a02ac5e7eff30dc4ff9594b760c6a08e683,2.8310394251107596e-08,1.0026550301134307e-07,0.0,0.0,0.0,0.0,0.0,0.0,0.0,0.0,0.0,0.0,0.0,0.0
unconditional_vae\fold0\unconditional_vae_z3_seed43,unconditional_vae,3,0,43,93,118,f9ddd35c786cc2e01faf1c9529b6e0ab5e1b061fe73849969249b1f83d82e618,2.6638793948485784e-08,2.0837402203710553e-07,0.0,0.0,0.0,0.0,0.0,0.0,0.0,0.0,0.0,0.0,0.0,0.0
unconditional_vae\fold0\unconditional_vae_z3_seed44,unconditional_vae,3,0,44,89,114,3e78a0a763ea98d76db3f82b236ff1b12eb0028305e5d413bd5b3e99fa2eb4ee,4.405517572969586e-08,4.7436523598065605e-08,0.0,0.0,0.0,0.0,0.0,0.0,0.0,0.0,0.0,0.0,0.0,0.0
unconditional_vae\fold0\unconditional_vae_z8_seed42,unconditional_vae,8,0,42,65,90,20908fc0c564e0e343cc28e336dda966f40e54fc45b14c2205c2023b29b4d386,4.8414611875102764e-08,6.2179565385456215e-09,0.0,0.0,0.0,0.0,0.0,0.0,0.0,0.0,0.0,0.0,0.0,0.0
unconditional_vae\fold0\unconditional_vae_z8_seed43,unconditional_vae,8,0,43,111,136,2dc143ab4d6522842ae8ff28b86d9f2aec2b32eb029512a79298814d3ac0e9f4,2.9401397649841954e-08,2.6968383748382507e-08,0.0,0.0,0.0,0.0,0.0,0.0,0.0,0.0,0.0,0.0,0.0,0.0
unconditional_vae\fold0\unconditional_vae_z8_seed44,unconditional_vae,8,0,44,149,150,0e5871e07e65226589b128b900d47199126ebc4bf27c47a42ba92ea072f18c41,2.9116821287367145e-08,2.5400543224307626e-08,0.0,0.0,0.0,0.0,0.0,0.0,0.0,0.0,0.0,0.0,0.0,0.0
unconditional_vae\fold1\unconditional_vae_z3_seed42,unconditional_vae,3,1,42,66,91,171f1697168e8c21d8891460b03387aa67e9e3c9e3df9e1e370e6dda593be140,2.9016876235132827e-08,2.141418455892108e-07,0.0,0.0,0.0,0.0,0.0,0.0,0.0,0.0,0.0,0.0,0.0,0.0
unconditional_vae\fold1\unconditional_vae_z3_seed43,unconditional_vae,3,1,43,86,111,4ed4b8faaed51cb721205a913318815f9c2526316f9e877b6b906ed9e711298c,5.737304697994716e-08,2.1365356417391013e-07,0.0,0.0,0.0,0.0,0.0,0.0,0.0,0.0,0.0,0.0,0.0,0.0
unconditional_vae\fold1\unconditional_vae_z3_seed44,unconditional_vae,3,1,44,37,62,5dec4d408220540821f374208e58f7fbfc02439fd8731caede422dac0170b7e6,2.6163482713670305e-08,6.249999984220267e-08,0.0,0.0,0.0,0.0,0.0,0.0,0.0,0.0,0.0,0.0,0.0,0.0
unconditional_vae\fold1\unconditional_vae_z8_seed42,unconditional_vae,8,1,42,104,129,126858a83dfcc92e161c9a7b37cb276c6ebdeb728447a37a4851878007fddf34,4.703216549550859e-08,2.9216766339601463e-08,0.0,0.0,0.0,0.0,0.0,0.0,0.0,0.0,0.0,0.0,0.0,0.0
unconditional_vae\fold1\unconditional_vae_z8_seed43,unconditional_vae,8,1,43,98,123,a15eb5fee5db1978f329dd3f208447e155f9f3bf39a07e2f6dd3c1a3f635a8dc,5.0865173406577924e-08,2.223358164243905e-08,0.0,0.0,0.0,0.0,0.0,0.0,0.0,0.0,0.0,0.0,0.0,0.0
unconditional_vae\fold1\unconditional_vae_z8_seed44,unconditional_vae,8,1,44,77,102,efb99aaee356afbf55addb42f45f39af6e609753d14479d03565527f59450914,4.4825744671683765e-08,3.9686584463183294e-08,0.0,0.0,0.0,0.0,0.0,0.0,0.0,0.0,0.0,0.0,0.0,0.0
unconditional_vae\fold2\unconditional_vae_z3_seed42,unconditional_vae,3,2,42,80,105,76cc920df6dbe04c3bf1a494f01ca59ac02ff18a155a60b93873fa54b935f151,2.6966095023617243e-08,4.755249030097275e-07,0.0,0.0,0.0,0.0,0.0,0.0,0.0,0.0,0.0,0.0,0.0,0.0
unconditional_vae\fold2\unconditional_vae_z3_seed43,unconditional_vae,3,2,43,96,121,bf17895077fa0ca12e7b523f0809f0cdd357a72a013bfc107200f5ee075b8dc3,4.03717042019025e-08,4.368896489026497e-08,0.0,0.0,0.0,0.0,0.0,0.0,0.0,0.0,0.0,0.0,0.0,0.0
unconditional_vae\fold2\unconditional_vae_z3_seed44,unconditional_vae,3,2,44,85,110,190eeb33f0f365139d11177a30efb3035b6ae188da2e6b85f88021d6db48a771,2.9347228980292073e-08,3.7152099530146643e-07,0.0,0.0,0.0,0.0,0.0,0.0,0.0,0.0,0.0,0.0,0.0,0.0
unconditional_vae\fold2\unconditional_vae_z8_seed42,unconditional_vae,8,2,42,107,132,c6532dd4cb071327f4e4fdb8f4016efa2da65bc30132461bdfab6cae3e39ab81,4.8033142130421425e-08,2.761230466497011e-08,0.0,0.0,0.0,0.0,0.0,0.0,0.0,0.0,0.0,0.0,0.0,0.0
unconditional_vae\fold2\unconditional_vae_z8_seed43,unconditional_vae,8,2,43,119,144,8d0815a461434c44942b10e37913118cecf7088b78fd3037c977a157c1179cfa,3.589782715529566e-08,4.910125728230241e-08,0.0,0.0,0.0,0.0,0.0,0.0,0.0,0.0,0.0,0.0,0.0,0.0
unconditional_vae\fold2\unconditional_vae_z8_seed44,unconditional_vae,8,2,44,92,117,b4f9946723c3db1d13f719dac501520f1f55cf93170a27ee7c49309e92610d85,4.5907592838290157e-08,2.269287113776386e-08,0.0,0.0,0.0,0.0,0.0,0.0,0.0,0.0,0.0,0.0,0.0,0.0
unconditional_vae\fold3\unconditional_vae_z3_seed42,unconditional_vae,3,3,42,36,61,a7e16220099567c4cec26e17f3065ea07c85e2ecc788998b1ac24743f3702ec9,2.8662109352595166e-08,2.6251220752726567e-07,0.0,0.0,0.0,0.0,0.0,0.0,0.0,0.0,0.0,0.0,0.0,0.0
unconditional_vae\fold3\unconditional_vae_z3_seed43,unconditional_vae,3,3,43,28,53,aff6f3e7f3f990dca7d2cfb43421a530ae310d9997df0c8a95993e8281c5bd94,3.833007795606136e-07,4.401855466795723e-07,0.0,0.0,0.0,0.0,0.0,0.0,0.0,0.0,0.0,0.0,0.0,0.0
unconditional_vae\fold3\unconditional_vae_z3_seed44,unconditional_vae,3,3,44,51,76,eb2a879a083433385fe165f22d26c2fc7b3a1f63de12f39a3f2e70622cae9fec,3.8365173260501706e-08,3.887939445945676e-07,0.0,0.0,0.0,0.0,0.0,0.0,0.0,0.0,0.0,0.0,0.0,0.0
unconditional_vae\fold3\unconditional_vae_z8_seed42,unconditional_vae,8,3,42,39,64,411c24344b3e58f78755142acaa99768dee011e9082ac6f19a13056dd9b6a483,2.35107421531211e-07,2.8566741971935983e-08,0.0,0.0,0.0,0.0,0.0,0.0,0.0,0.0,0.0,0.0,0.0,0.0
unconditional_vae\fold3\unconditional_vae_z8_seed43,unconditional_vae,8,3,43,80,105,621baafc8fdcc5053863b490a716b3a09416a971463d470f473d152c2d88b352,4.323730475874754e-07,4.6765136652027195e-08,0.0,0.0,0.0,0.0,0.0,0.0,0.0,0.0,0.0,0.0,0.0,0.0
unconditional_vae\fold3\unconditional_vae_z8_seed44,unconditional_vae,8,3,44,109,134,9ddb79eb34ba82654fff648cbf774c6733a02e674086e8cdf3805f6d161a9d07,4.3847656172602e-07,4.305572520735268e-08,0.0,0.0,0.0,0.0,0.0,0.0,0.0,0.0,0.0,0.0,0.0,0.0
