family,dim,subject,arm,correct_mse,shuffled_mse,shuffled_minus_correct
conditional_ae,3,subject01,both,0.082130626,0.08284012,0.00070949644
conditional_ae,3,subject01,decoder_only,0.082130626,0.08453343,0.0024028048
conditional_ae,3,subject02,both,0.49132362,0.49426612,0.0029425025
conditional_ae,3,subject02,decoder_only,0.49132362,0.4944249,0.0031012893
conditional_ae,3,subject04,both,0.058972366,0.05734648,-0.0016258843
conditional_ae,3,subject04,decoder_only,0.058972366,0.05966316,0.0006907955
conditional_ae,3,subject05,both,0.038381655,0.03977308,0.0013914257
conditional_ae,3,subject05,decoder_only,0.038381655,0.0422874,0.003905747
conditional_ae,3,subject08,both,0.825408,0.8258802,0.0004722476
conditional_ae,3,subject08,decoder_only,0.825408,0.8308114,0.0054033995
conditional_ae,3,subject10,both,0.044747297,0.04401349,-0.0007338077
conditional_ae,3,subject10,decoder_only,0.044747297,0.046495516,0.0017482191
conditional_ae,3,subject11,both,0.22206514,0.22100823,-0.0010569096
conditional_ae,3,subject11,decoder_only,0.22206514,0.22216243,9.728968e-05
conditional_ae,3,subject12,both,0.066307895,0.066047505,-0.00026039034
conditional_ae,3,subject12,decoder_only,0.066307895,0.06753435,0.001226455
conditional_ae,3,subject13,both,0.047888335,0.049798306,0.0019099712
conditional_ae,3,subject13,decoder_only,0.047888335,0.051656958,0.0037686229
conditional_ae,3,subject15,both,0.088970974,0.09134612,0.0023751482
conditional_ae,3,subject15,decoder_only,0.088970974,0.09243677,0.003465794
conditional_ae,3,subject18,both,0.1332066,0.13498102,0.0017744154
conditional_ae,3,subject18,decoder_only,0.1332066,0.13713667,0.003930062
conditional_ae,3,subject19,both,0.04107179,0.03977002,-0.0013017729
conditional_ae,3,subject19,decoder_only,0.04107179,0.041920844,0.00084905326
conditional_ae,3,subject21,both,0.223642,0.2246109,0.0009688884
conditional_ae,3,subject21,decoder_only,0.223642,0.22606683,0.0024248213
conditional_ae,3,subject22,both,0.09522269,0.096196406,0.0009737164
conditional_ae,3,subject22,decoder_only,0.09522269,0.096474186,0.0012514964
conditional_ae,3,subject23,both,0.081247,0.08177987,0.0005328655
conditional_ae,3,subject23,decoder_only,0.081247,0.08383382,0.0025868192
conditional_ae,3,subject24,both,0.09481693,0.09886117,0.004044242
conditional_ae,3,subject24,decoder_only,0.09481693,0.09993529,0.0051183626
conditional_ae,3,subject25,both,0.35731488,0.35590544,-0.0014094412
conditional_ae,3,subject25,decoder_only,0.35731488,0.35840714,0.0010922551
conditional_ae,3,subject26,both,0.20597577,0.2107859,0.0048101246
conditional_ae,3,subject26,decoder_only,0.20597577,0.20971264,0.0037368685
conditional_ae,3,subject27,both,0.0727729,0.07348632,0.0007134229
conditional_ae,3,subject27,decoder_only,0.0727729,0.07407187,0.0012989715
conditional_ae,3,subject30,both,0.05758655,0.058162887,0.00057633594
conditional_ae,3,subject30,decoder_only,0.05758655,0.058506038,0.0009194873
conditional_ae,3,subject33,both,0.16455287,0.1668583,0.0023054332
conditional_ae,3,subject33,decoder_only,0.16455287,0.16746283,0.0029099584
conditional_ae,3,subject34,both,0.06977884,0.071003556,0.001224719
conditional_ae,3,subject34,decoder_only,0.06977884,0.07341785,0.0036390126
conditional_ae,3,subject35,both,0.11545156,0.11353628,-0.001915276
conditional_ae,3,subject35,decoder_only,0.11545156,0.11287505,-0.0025765076
conditional_ae,3,subject36,both,0.0802071,0.07996246,-0.0002446398
conditional_ae,3,subject36,decoder_only,0.0802071,0.08280218,0.0025950745
conditional_ae,3,subject37,both,0.13536471,0.13497165,-0.00039306283
conditional_ae,3,subject37,decoder_only,0.13536471,0.13549551,0.0001308024
conditional_ae,3,subject40,both,0.21961859,0.22022334,0.0006047487
conditional_ae,3,subject40,decoder_only,0.21961859,0.2206336,0.0010150075
conditional_ae,3,subject41,both,0.53216016,0.5271312,-0.005028963
conditional_ae,3,subject41,decoder_only,0.53216016,0.5285217,-0.0036384463
conditional_ae,3,subject43,both,0.10432958,0.10398374,-0.00034584105
conditional_ae,3,subject43,decoder_only,0.10432958,0.10500536,0.00067578256
conditional_ae,8,subject01,both,0.01575391,0.015582282,-0.00017162785
conditional_ae,8,subject01,decoder_only,0.01575391,0.016720949,0.0009670388
conditional_ae,8,subject02,both,0.083988205,0.084345326,0.00035712123
conditional_ae,8,subject02,decoder_only,0.083988205,0.084582314,0.0005941093
conditional_ae,8,subject04,both,0.009135873,0.009080988,-5.4884702e-05
conditional_ae,8,subject04,decoder_only,0.009135873,0.009974432,0.0008385591
conditional_ae,8,subject05,both,0.0072213393,0.0070635476,-0.00015779166
conditional_ae,8,subject05,decoder_only,0.0072213393,0.008000466,0.00077912677
conditional_ae,8,subject08,both,0.061150845,0.061168708,1.7862767e-05
conditional_ae,8,subject08,decoder_only,0.061150845,0.061584473,0.00043362752
conditional_ae,8,subject10,both,0.011492461,0.011546856,5.4394826e-05
conditional_ae,8,subject10,decoder_only,0.011492461,0.012481896,0.0009894352
conditional_ae,8,subject11,both,0.04160868,0.041919187,0.00031050667
conditional_ae,8,subject11,decoder_only,0.04160868,0.04285331,0.0012446307
conditional_ae,8,subject12,both,0.014167759,0.014345199,0.00017744023
conditional_ae,8,subject12,decoder_only,0.014167759,0.015491532,0.0013237735
conditional_ae,8,subject13,both,0.009011546,0.0090976665,8.612033e-05
conditional_ae,8,subject13,decoder_only,0.009011546,0.010161563,0.0011500167
conditional_ae,8,subject15,both,0.018480653,0.018288476,-0.00019217655
conditional_ae,8,subject15,decoder_only,0.018480653,0.018933106,0.00045245327
conditional_ae,8,subject18,both,0.03101457,0.031170541,0.00015597232
conditional_ae,8,subject18,decoder_only,0.03101457,0.031781342,0.0007667728
conditional_ae,8,subject19,both,0.0074785724,0.007405993,-7.2579365e-05
conditional_ae,8,subject19,decoder_only,0.0074785724,0.008584605,0.0011060322
conditional_ae,8,subject21,both,0.036075804,0.036648255,0.00057245046
conditional_ae,8,subject21,decoder_only,0.036075804,0.036956742,0.000880938
conditional_ae,8,subject22,both,0.010471421,0.010576026,0.00010460429
conditional_ae,8,subject22,decoder_only,0.010471421,0.011222963,0.0007515419
conditional_ae,8,subject23,both,0.017099423,0.017125214,2.5790185e-05
conditional_ae,8,subject23,decoder_only,0.017099423,0.017705567,0.00060614385
conditional_ae,8,subject24,both,0.0153116165,0.015475774,0.00016415771
conditional_ae,8,subject24,decoder_only,0.0153116165,0.016432252,0.0011206353
conditional_ae,8,subject25,both,0.057165194,0.05676737,-0.00039782375
conditional_ae,8,subject25,decoder_only,0.057165194,0.057314828,0.00014963374
conditional_ae,8,subject26,both,0.034942105,0.034906507,-3.5598874e-05
conditional_ae,8,subject26,decoder_only,0.034942105,0.035334952,0.00039284676
conditional_ae,8,subject27,both,0.014333815,0.014402988,6.917305e-05
conditional_ae,8,subject27,decoder_only,0.014333815,0.014869031,0.00053521525
conditional_ae,8,subject30,both,0.009403649,0.009496293,9.2644244e-05
conditional_ae,8,subject30,decoder_only,0.009403649,0.010356549,0.0009529004
conditional_ae,8,subject33,both,0.030774891,0.031001918,0.00022702664
conditional_ae,8,subject33,decoder_only,0.030774891,0.0315585,0.00078360736
conditional_ae,8,subject34,both,0.024806,0.024867931,6.193109e-05
conditional_ae,8,subject34,decoder_only,0.024806,0.025620745,0.0008147452
conditional_ae,8,subject35,both,0.019051317,0.018873552,-0.00017776527
conditional_ae,8,subject35,decoder_only,0.019051317,0.019709257,0.0006579403
conditional_ae,8,subject36,both,0.008897253,0.008783777,-0.00011347607
conditional_ae,8,subject36,decoder_only,0.008897253,0.010225924,0.0013286704
conditional_ae,8,subject37,both,0.01851439,0.018772604,0.00025821477
conditional_ae,8,subject37,decoder_only,0.01851439,0.019395936,0.0008815471
conditional_ae,8,subject40,both,0.034023084,0.034139942,0.00011685863
conditional_ae,8,subject40,decoder_only,0.034023084,0.034618136,0.0005950518
conditional_ae,8,subject41,both,0.07388956,0.07188482,-0.0020047426
conditional_ae,8,subject41,decoder_only,0.07388956,0.07287286,-0.0010166988
conditional_ae,8,subject43,both,0.011834824,0.011645698,-0.00018912647
conditional_ae,8,subject43,decoder_only,0.011834824,0.012073041,0.00023821648
cvae,3,subject01,both,0.09111554,0.093570955,0.0024554133
cvae,3,subject01,decoder_only,0.09111554,0.095978744,0.0048632026
cvae,3,subject02,both,0.756299,0.7636193,0.007320285
cvae,3,subject02,decoder_only,0.756299,0.7643105,0.00801146
cvae,3,subject04,both,0.050983485,0.051152755,0.00016926974
cvae,3,subject04,decoder_only,0.050983485,0.05381469,0.0028312057
cvae,3,subject05,both,0.041038457,0.042478595,0.0014401376
cvae,3,subject05,decoder_only,0.041038457,0.045535192,0.0044967346
cvae,3,subject08,both,0.59091896,0.5976891,0.006770134
cvae,3,subject08,decoder_only,0.59091896,0.5993061,0.008387148
cvae,3,subject10,both,0.047232773,0.046941135,-0.00029163808
cvae,3,subject10,decoder_only,0.047232773,0.05036849,0.0031357184
cvae,3,subject11,both,0.2752553,0.27632558,0.0010702908
cvae,3,subject11,decoder_only,0.2752553,0.2786666,0.003411293
cvae,3,subject12,both,0.073669195,0.07364571,-2.348423e-05
cvae,3,subject12,decoder_only,0.073669195,0.075999,0.002329804
cvae,3,subject13,both,0.0441423,0.046956614,0.0028143153
cvae,3,subject13,decoder_only,0.0441423,0.048663404,0.0045211054
cvae,3,subject15,both,0.07743354,0.078743845,0.0013103038
cvae,3,subject15,decoder_only,0.07743354,0.08065353,0.003219992
cvae,3,subject18,both,0.13225861,0.14200129,0.009742677
cvae,3,subject18,decoder_only,0.13225861,0.14473976,0.012481153
cvae,3,subject19,both,0.035604484,0.03458297,-0.0010215156
cvae,3,subject19,decoder_only,0.035604484,0.0371871,0.0015826151
cvae,3,subject21,both,0.29989573,0.3029986,0.0031028688
cvae,3,subject21,decoder_only,0.29989573,0.3049837,0.0050879717
cvae,3,subject22,both,0.11803882,0.122078486,0.0040396675
cvae,3,subject22,decoder_only,0.11803882,0.12186343,0.003824614
cvae,3,subject23,both,0.073853336,0.07440354,0.000550203
cvae,3,subject23,decoder_only,0.073853336,0.08006733,0.006213993
cvae,3,subject24,both,0.08904721,0.09621816,0.007170953
cvae,3,subject24,decoder_only,0.08904721,0.0986664,0.009619191
cvae,3,subject25,both,0.38127327,0.3757303,-0.0055429637
cvae,3,subject25,decoder_only,0.38127327,0.37806612,-0.0032071471
cvae,3,subject26,both,0.19739397,0.19955482,0.0021608472
cvae,3,subject26,decoder_only,0.19739397,0.20428857,0.0068946034
cvae,3,subject27,both,0.07037073,0.068709865,-0.0016608611
cvae,3,subject27,decoder_only,0.07037073,0.07076354,0.00039281696
cvae,3,subject30,both,0.08579038,0.08516357,-0.0006268099
cvae,3,subject30,decoder_only,0.08579038,0.086117394,0.00032701343
cvae,3,subject33,both,0.1955752,0.19780356,0.0022283643
cvae,3,subject33,decoder_only,0.1955752,0.1994102,0.0038350075
cvae,3,subject34,both,0.0675739,0.06957282,0.0019989237
cvae,3,subject34,decoder_only,0.0675739,0.07219969,0.00462579
cvae,3,subject35,both,0.11037395,0.10704996,-0.0033239946
cvae,3,subject35,decoder_only,0.11037395,0.10962232,-0.0007516295
cvae,3,subject36,both,0.09261831,0.09084892,-0.0017693862
cvae,3,subject36,decoder_only,0.09261831,0.09456718,0.0019488707
cvae,3,subject37,both,0.19871162,0.20058842,0.0018768013
cvae,3,subject37,decoder_only,0.19871162,0.20184961,0.0031379908
cvae,3,subject40,both,0.28545865,0.27139047,-0.014068186
cvae,3,subject40,decoder_only,0.28545865,0.27283084,-0.01262781
cvae,3,subject41,both,0.38901594,0.3951559,0.006139964
cvae,3,subject41,decoder_only,0.38901594,0.39710796,0.008092016
cvae,3,subject43,both,0.084512964,0.08393927,-0.0005736947
cvae,3,subject43,decoder_only,0.084512964,0.08854919,0.0040362254
cvae,8,subject01,both,0.02131387,0.020539008,-0.00077486224
cvae,8,subject01,decoder_only,0.02131387,0.024009347,0.0026954766
cvae,8,subject02,both,0.0951684,0.09521139,4.298985e-05
cvae,8,subject02,decoder_only,0.0951684,0.097121306,0.0019529089
cvae,8,subject04,both,0.013800891,0.013948341,0.00014744978
cvae,8,subject04,decoder_only,0.013800891,0.017042607,0.003241716
cvae,8,subject05,both,0.0111616915,0.011181555,1.9863248e-05
cvae,8,subject05,decoder_only,0.0111616915,0.013921352,0.0027596606
cvae,8,subject08,both,0.089998454,0.08972234,-0.00027611107
cvae,8,subject08,decoder_only,0.089998454,0.09233218,0.002333723
cvae,8,subject10,both,0.018327756,0.019147404,0.0008196477
cvae,8,subject10,decoder_only,0.018327756,0.021979507,0.0036517512
cvae,8,subject11,both,0.05358492,0.05427382,0.00068890303
cvae,8,subject11,decoder_only,0.05358492,0.05782566,0.00424074
cvae,8,subject12,both,0.021783119,0.022449614,0.0006664954
cvae,8,subject12,decoder_only,0.021783119,0.025463598,0.0036804788
cvae,8,subject13,both,0.010847981,0.011012767,0.00016478635
cvae,8,subject13,decoder_only,0.010847981,0.013242111,0.0023941295
cvae,8,subject15,both,0.019745853,0.019499686,-0.00024616718
cvae,8,subject15,decoder_only,0.019745853,0.022734674,0.002988821
cvae,8,subject18,both,0.037952643,0.037590183,-0.00036245957
cvae,8,subject18,decoder_only,0.037952643,0.04010517,0.0021525286
cvae,8,subject19,both,0.010302242,0.010611371,0.00030912925
cvae,8,subject19,decoder_only,0.010302242,0.0139002325,0.0035979906
cvae,8,subject21,both,0.045678873,0.047256075,0.0015772022
cvae,8,subject21,decoder_only,0.045678873,0.049616452,0.0039375797
cvae,8,subject22,both,0.017308105,0.017197449,-0.00011065602
cvae,8,subject22,decoder_only,0.017308105,0.01927777,0.0019696653
cvae,8,subject23,both,0.02171877,0.021902619,0.00018384866
cvae,8,subject23,decoder_only,0.02171877,0.026537275,0.0048185047
cvae,8,subject24,both,0.01808345,0.017904496,-0.00017895363
cvae,8,subject24,decoder_only,0.01808345,0.0200157,0.0019322503
cvae,8,subject25,both,0.06962832,0.068889014,-0.0007393062
cvae,8,subject25,decoder_only,0.06962832,0.07118343,0.0015551075
cvae,8,subject26,both,0.04296756,0.042820323,-0.00014723837
cvae,8,subject26,decoder_only,0.04296756,0.046197556,0.0032299943
cvae,8,subject27,both,0.018699966,0.019331522,0.0006315559
cvae,8,subject27,decoder_only,0.018699966,0.020643132,0.0019431654
cvae,8,subject30,both,0.012607797,0.012891349,0.00028355233
cvae,8,subject30,decoder_only,0.012607797,0.0150461495,0.0024383524
cvae,8,subject33,both,0.03488446,0.034820236,-6.4224005e-05
cvae,8,subject33,decoder_only,0.03488446,0.03674763,0.0018631704
cvae,8,subject34,both,0.0315317,0.03167872,0.0001470223
cvae,8,subject34,decoder_only,0.0315317,0.033953838,0.002422139
cvae,8,subject35,both,0.023782615,0.023403784,-0.00037883036
cvae,8,subject35,decoder_only,0.023782615,0.02541741,0.0016347952
cvae,8,subject36,both,0.012524678,0.012581831,5.7152472e-05
cvae,8,subject36,decoder_only,0.012524678,0.01586151,0.003336831
cvae,8,subject37,both,0.023513513,0.023631832,0.000118318945
cvae,8,subject37,decoder_only,0.023513513,0.025429634,0.0019161217
cvae,8,subject40,both,0.04240889,0.041070573,-0.001338318
cvae,8,subject40,decoder_only,0.04240889,0.04344186,0.0010329671
cvae,8,subject41,both,0.07131012,0.071376234,6.611645e-05
cvae,8,subject41,decoder_only,0.07131012,0.072752155,0.0014420375
cvae,8,subject43,both,0.01883748,0.018210573,-0.00062690675
cvae,8,subject43,decoder_only,0.01883748,0.02114871,0.0023112297
