run,subject,sample_id,sp,side,window_mode,initiation_time_s,movement_time_s,peak_speed_tracker_units_s,peak_speed_mm_s,time_to_peak_speed,path_length,straight_line_dist,curvature_index,max_lateral_deviation,speed_peak_count,n_submovements,end_x,end_y,end_z,kind,outer_fold,latent_dim,seed,fit_seed_id,job_id,mj_fit_completed,mj_fit_success,mj_selected_optimizer_converged,mj_bic_optimizer_converged,mj_all_candidates_converged,mj_candidate_diagnostics_json,mj_n_components,mj_n_components_bic,mj_fit_error,mj_bic,mj_first_onset_s,mj_second_onset_s,mj_first_duration_s,mj_mean_duration_s,mj_first_amplitude,mj_total_amplitude,mj_secondary_amplitude_fraction,mj_mean_overlap_pct,mj_mean_relative_onset_pct,mj_pattern,mj_parameters_json,fit_failure,sample_hz
unconditional_vae_z8_fold0_seed42,subject05,0,3,1,go_to_arrival,0.2930050194263458,0.22642476856708527,83.3816100595616,83.3816100595616,0.7474747474747475,12.690074258893628,12.590636451643967,1.0078977585947753,0.6069609215424884,1.0,1.0,-1.6497473533701619,12.4259865204031,0.0,generated,0,8,42,unconditional_vae_z8_fold0_seed42-subject05-0,unconditional_vae_z8_fold0_seed42-subject05-0,True,True,True,True,True,"{""1"": {""optimizer_converged"": true, ""optimizer_status"": 2, ""optimizer_message"": ""`ftol` termination condition is satisfied."", ""nfev"": 9}, ""2"": {""optimizer_converged"": true, ""optimizer_status"": 2, ""optimizer_message"": ""`ftol` termination condition is satisfied."", ""nfev"": 32}, ""3"": {""optimizer_converged"": true, ""optimizer_status"": 2, ""optimizer_message"": ""`ftol` termination condition is satisfied."", ""nfev"": 32}, ""4"": {""optimizer_converged"": true, ""optimizer_status"": 2, ""optimizer_message"": ""`ftol` termination condition is satisfied."", ""nfev"": 50}}",1.0,4.0,0.04196972059211785,4600.151859971537,1.0583293856492934e-19,,0.2712222475808271,0.2712222475808271,12.146262920878504,12.146262920878504,0.0,0.0,,single_component,"[[1.0583293856492934e-19, 0.2712222475808271, -1.2102331700005264, 12.085819732948961]]",,437.2313180510913
unconditional_vae_z8_fold0_seed42,subject05,1,3,1,go_to_arrival,0.22737228870391846,0.30304962396621704,68.83637118163044,68.83637118163044,0.5757575757575758,13.747197355168224,13.6062267976181,1.010360738480032,0.6508781710079192,1.0,1.0,-1.3146039109776178,13.535007575591226,0.0,generated,0,8,42,unconditional_vae_z8_fold0_seed42-subject05-1,unconditional_vae_z8_fold0_seed42-subject05-1,True,True,True,True,True,"{""1"": {""optimizer_converged"": true, ""optimizer_status"": 2, ""optimizer_message"": ""`ftol` termination condition is satisfied."", ""nfev"": 11}, ""2"": {""optimizer_converged"": true, ""optimizer_status"": 2, ""optimizer_message"": ""`ftol` termination condition is satisfied."", ""nfev"": 20}, ""3"": {""optimizer_converged"": true, ""optimizer_status"": 2, ""optimizer_message"": ""`ftol` termination condition is satisfied."", ""nfev"": 29}, ""4"": {""optimizer_converged"": true, ""optimizer_status"": 2, ""optimizer_message"": ""`ftol` termination condition is satisfied."", ""nfev"": 74}}",1.0,4.0,0.02647352050443634,2965.811095870187,0.01022059412443824,,0.3565061245711663,0.3565061245711663,13.718125616693735,13.718125616693735,0.0,0.0,,single_component,"[[0.01022059412443824, 0.3565061245711663, -0.7896632309349071, 13.695378870885547]]",,326.6791712338049
unconditional_vae_z8_fold0_seed42,subject13,0,3,1,go_to_arrival,0.003947516903281212,0.43151187896728516,77.67934414869646,77.67934414869646,0.9393939393939394,13.113990902811755,13.058838583537973,1.0042233709315702,0.4296443260774959,1.0,1.0,0.274910541488277,13.055609761960953,0.0,generated,0,8,42,unconditional_vae_z8_fold0_seed42-subject13-0,unconditional_vae_z8_fold0_seed42-subject13-0,True,True,True,True,True,"{""1"": {""optimizer_converged"": true, ""optimizer_status"": 2, ""optimizer_message"": ""`ftol` termination condition is satisfied."", ""nfev"": 19}, ""2"": {""optimizer_converged"": true, ""optimizer_status"": 2, ""optimizer_message"": ""`ftol` termination condition is satisfied."", ""nfev"": 59}, ""3"": {""optimizer_converged"": true, ""optimizer_status"": 2, ""optimizer_message"": ""`ftol` termination condition is satisfied."", ""nfev"": 82}, ""4"": {""optimizer_converged"": true, ""optimizer_status"": 2, ""optimizer_message"": ""`ftol` termination condition is satisfied."", ""nfev"": 82}}",2.0,4.0,0.039209558753489984,2567.4972420777794,0.17716192549369864,0.353217676765148,0.30285878295984703,0.20142939147992353,9.672792009842942,12.249431517862135,0.210347680564762,45.933848907103744,58.1313011796626,overlapping_components,"[[0.17716192549369864, 0.30285878295984703, 0.2169508644065675, 9.670358710415798], [0.353217676765148, 0.10000000000000002, 0.35501989718454824, 2.5520642677817613]]",,229.42589723585718
unconditional_vae_z8_fold0_seed42,subject13,1,3,1,go_to_arrival,0.2559514045715332,0.25420767068862915,83.18190792936295,83.18190792936295,0.8080808080808081,11.84168044260014,11.787424071966598,1.0046029030857198,0.5223430174449677,1.0,1.0,-0.10249971922261791,11.756005404375317,0.0,generated,0,8,42,unconditional_vae_z8_fold0_seed42-subject13-1,unconditional_vae_z8_fold0_seed42-subject13-1,True,True,True,True,True,"{""1"": {""optimizer_converged"": true, ""optimizer_status"": 2, ""optimizer_message"": ""`ftol` termination condition is satisfied."", ""nfev"": 20}, ""2"": {""optimizer_converged"": true, ""optimizer_status"": 2, ""optimizer_message"": ""`ftol` termination condition is satisfied."", ""nfev"": 29}, ""3"": {""optimizer_converged"": true, ""optimizer_status"": 2, ""optimizer_message"": ""`ftol` termination condition is satisfied."", ""nfev"": 81}, ""4"": {""optimizer_converged"": true, ""optimizer_status"": 2, ""optimizer_message"": ""`ftol` termination condition is satisfied."", ""nfev"": 228}}",2.0,4.0,0.013178314249793816,2319.1050211098136,1.3744923498824888e-23,0.14594905082901966,0.2807629563795823,0.2048826485128589,7.846060578328295,11.589477390230433,0.3230013473306158,49.03190517686272,51.98301539171048,overlapping_components,"[[1.3744923498824888e-23, 0.2807629563795823, -0.821890689084645, 7.80289448179285], [0.14594905082901966, 0.12900234064613547, 0.7787275432462831, 3.661523295162982]]",,389.4453685516907
unconditional_vae_z8_fold0_seed42,subject19,0,1,1,go_to_arrival,0.2933630645275116,0.21244363486766815,108.00916179489433,108.00916179489433,0.7272727272727273,13.009060354629536,12.907927443545818,1.0078349457359468,0.7094579459729338,1.0,1.0,0.0029692775732319448,12.869023605686857,0.0,generated,0,8,42,unconditional_vae_z8_fold0_seed42-subject19-0,unconditional_vae_z8_fold0_seed42-subject19-0,True,True,True,True,True,"{""1"": {""optimizer_converged"": true, ""optimizer_status"": 2, ""optimizer_message"": ""`ftol` termination condition is satisfied."", ""nfev"": 14}, ""2"": {""optimizer_converged"": true, ""optimizer_status"": 2, ""optimizer_message"": ""`ftol` termination condition is satisfied."", ""nfev"": 25}, ""3"": {""optimizer_converged"": true, ""optimizer_status"": 2, ""optimizer_message"": ""`ftol` termination condition is satisfied."", ""nfev"": 66}, ""4"": {""optimizer_converged"": true, ""optimizer_status"": 2, ""optimizer_message"": ""`ftol` termination condition is satisfied."", ""nfev"": 59}}",1.0,3.0,0.036080448884753556,4995.273528766203,0.019184275662643663,,0.23125073706803778,0.23125073706803778,12.622811014394397,12.622811014394397,0.0,0.0,,single_component,"[[0.019184275662643663, 0.23125073706803778, 0.32141714987047637, 12.618718196428892]]",,466.0059599416449
unconditional_vae_z8_fold0_seed42,subject19,1,2,2,go_to_arrival,0.25735098123550415,0.22006191313266754,91.42710452316062,91.42710452316062,0.7474747474747475,12.041907748849859,12.036561110259987,1.0004441998458609,0.1340929812549687,1.0,1.0,0.5465475194264467,11.989844332003022,0.0,generated,0,8,42,unconditional_vae_z8_fold0_seed42-subject19-1,unconditional_vae_z8_fold0_seed42-subject19-1,True,True,True,True,True,"{""1"": {""optimizer_converged"": true, ""optimizer_status"": 2, ""optimizer_message"": ""`ftol` termination condition is satisfied."", ""nfev"": 11}, ""2"": {""optimizer_converged"": true, ""optimizer_status"": 2, ""optimizer_message"": ""`ftol` termination condition is satisfied."", ""nfev"": 26}, ""3"": {""optimizer_converged"": true, ""optimizer_status"": 2, ""optimizer_message"": ""`ftol` termination condition is satisfied."", ""nfev"": 54}, ""4"": {""optimizer_converged"": true, ""optimizer_status"": 2, ""optimizer_message"": ""`ftol` termination condition is satisfied."", ""nfev"": 57}}",1.0,3.0,0.026407753196436387,4019.9981608906623,0.009977911367633183,,0.25307056274325646,0.25307056274325646,11.967145375852182,11.967145375852182,0.0,0.0,,single_component,"[[0.009977911367633183, 0.25307056274325646, 0.6327175729064214, 11.950407395554164]]",,449.87339513092576
unconditional_vae_z8_fold0_seed42,subject24,0,2,1,go_to_arrival,0.2111338973045349,0.2958948016166687,78.76349664506434,78.76349664506434,0.8484848484848485,14.057496333852274,13.774268141727733,1.0205621227356922,0.781152800248818,1.0,1.0,-0.09839869900728501,13.773446903660313,0.0,generated,0,8,42,unconditional_vae_z8_fold0_seed42-subject24-0,unconditional_vae_z8_fold0_seed42-subject24-0,True,True,True,True,True,"{""1"": {""optimizer_converged"": true, ""optimizer_status"": 2, ""optimizer_message"": ""`ftol` termination condition is satisfied."", ""nfev"": 10}, ""2"": {""optimizer_converged"": true, ""optimizer_status"": 2, ""optimizer_message"": ""`ftol` termination condition is satisfied."", ""nfev"": 25}, ""3"": {""optimizer_converged"": true, ""optimizer_status"": 2, ""optimizer_message"": ""`ftol` termination condition is satisfied."", ""nfev"": 38}, ""4"": {""optimizer_converged"": true, ""optimizer_status"": 2, ""optimizer_message"": ""`ftol` termination condition is satisfied."", ""nfev"": 252}}",1.0,4.0,0.048449266815797656,3968.6722049629043,0.032982774507398616,,0.3257415470330438,0.3257415470330438,13.93898607957137,13.93898607957137,0.0,0.0,,single_component,"[[0.032982774507398616, 0.3257415470330438, 0.14280492675261375, 13.938254542064426]]",,334.57836859281616
unconditional_vae_z8_fold0_seed42,subject24,1,2,2,go_to_arrival,0.1807890385389328,0.38833683729171753,54.6001760325354,54.6001760325354,0.41414141414141414,13.97751752792496,13.717483781859672,1.0189563735011784,1.2010991660204504,1.0,1.0,-2.4018829497115775,13.507293900737418,0.0,generated,0,8,42,unconditional_vae_z8_fold0_seed42-subject24-1,unconditional_vae_z8_fold0_seed42-subject24-1,True,True,True,True,True,"{""1"": {""optimizer_converged"": true, ""optimizer_status"": 2, ""optimizer_message"": ""`ftol` termination condition is satisfied."", ""nfev"": 13}, ""2"": {""optimizer_converged"": true, ""optimizer_status"": 2, ""optimizer_message"": ""`ftol` termination condition is satisfied."", ""nfev"": 13}, ""3"": {""optimizer_converged"": true, ""optimizer_status"": 2, ""optimizer_message"": ""`ftol` termination condition is satisfied."", ""nfev"": 26}, ""4"": {""optimizer_converged"": true, ""optimizer_status"": 2, ""optimizer_message"": ""`ftol` termination condition is satisfied."", ""nfev"": 69}}",2.0,4.0,0.009288076399749635,1062.9477581526744,3.266224696215228e-20,0.14512074326978108,0.28834975163776144,0.2892433761323386,8.315620850092023,13.867591080125669,0.40035577902137953,32.90671110999786,50.3280278361705,overlapping_components,"[[3.266224696215228e-20, 0.28834975163776144, 0.10671905593515521, 8.314936028953289], [0.14512074326978108, 0.2901370006269157, -2.4931441690208316, 4.960706158165114]]",,254.9333220366923
unconditional_vae_z8_fold0_seed42,subject27,0,1,2,go_to_arrival,0.11371921747922897,0.28280109167099,85.07454091846863,85.07454091846863,0.5757575757575758,14.325073281106631,13.90012884727117,1.0305712586195837,0.9951733399462972,1.0,1.0,0.3202920178598067,13.895592433010462,0.0,generated,0,8,42,unconditional_vae_z8_fold0_seed42-subject27-0,unconditional_vae_z8_fold0_seed42-subject27-0,True,True,True,True,True,"{""1"": {""optimizer_converged"": true, ""optimizer_status"": 2, ""optimizer_message"": ""`ftol` termination condition is satisfied."", ""nfev"": 9}, ""2"": {""optimizer_converged"": true, ""optimizer_status"": 2, ""optimizer_message"": ""`ftol` termination condition is satisfied."", ""nfev"": 17}, ""3"": {""optimizer_converged"": true, ""optimizer_status"": 2, ""optimizer_message"": ""`ftol` termination condition is satisfied."", ""nfev"": 45}, ""4"": {""optimizer_converged"": true, ""optimizer_status"": 2, ""optimizer_message"": ""`ftol` termination condition is satisfied."", ""nfev"": 67}}",1.0,4.0,0.01739039823495179,2870.1264290163563,0.013909857347997738,,0.30955174410001524,0.30955174410001524,14.228349618848116,14.228349618848116,0.0,0.0,,single_component,"[[0.013909857347997738, 0.30955174410001524, 1.0095530950814562, 14.192488697349269]]",,350.06937001210844
unconditional_vae_z8_fold0_seed42,subject27,1,3,1,go_to_arrival,0.0004201881820335984,0.3573179543018341,78.01633129008243,78.01633129008243,0.7272727272727273,13.685224752756296,13.6392564351387,1.0033702949890413,0.40513855161941914,1.0,1.0,1.415699081206137,13.564230797702182,0.0,generated,0,8,42,unconditional_vae_z8_fold0_seed42-subject27-1,unconditional_vae_z8_fold0_seed42-subject27-1,True,True,True,True,True,"{""1"": {""optimizer_converged"": true, ""optimizer_status"": 2, ""optimizer_message"": ""`ftol` termination condition is satisfied."", ""nfev"": 16}, ""2"": {""optimizer_converged"": true, ""optimizer_status"": 2, ""optimizer_message"": ""`ftol` termination condition is satisfied."", ""nfev"": 69}, ""3"": {""optimizer_converged"": true, ""optimizer_status"": 2, ""optimizer_message"": ""`ftol` termination condition is satisfied."", ""nfev"": 52}, ""4"": {""optimizer_converged"": true, ""optimizer_status"": 2, ""optimizer_message"": ""`ftol` termination condition is satisfied."", ""nfev"": 71}}",1.0,4.0,0.030999803985210118,2754.1216141886807,0.10250017674819652,,0.30776953356233544,0.30776953356233544,12.718880346564921,12.718880346564921,0.0,0.0,,single_component,"[[0.10250017674819652, 0.30776953356233544, 1.6902885738830278, 12.60606369201885]]",,277.06416318608103
unconditional_vae_z8_fold0_seed42,subject34,0,3,1,go_to_arrival,0.2702495753765106,0.2039620578289032,96.4540039510116,96.4540039510116,0.6666666666666666,13.162864574697037,13.005219421220234,1.0121216834849844,0.8204184278101675,1.0,1.0,1.224285063882166,12.870622110992018,0.0,generated,0,8,42,unconditional_vae_z8_fold0_seed42-subject34-0,unconditional_vae_z8_fold0_seed42-subject34-0,True,True,True,True,True,"{""1"": {""optimizer_converged"": true, ""optimizer_status"": 2, ""optimizer_message"": ""`ftol` termination condition is satisfied."", ""nfev"": 9}, ""2"": {""optimizer_converged"": true, ""optimizer_status"": 2, ""optimizer_message"": ""`ftol` termination condition is satisfied."", ""nfev"": 34}, ""3"": {""optimizer_converged"": true, ""optimizer_status"": 2, ""optimizer_message"": ""`ftol` termination condition is satisfied."", ""nfev"": 42}, ""4"": {""optimizer_converged"": true, ""optimizer_status"": 2, ""optimizer_message"": ""`ftol` termination condition is satisfied."", ""nfev"": 36}}",1.0,3.0,0.032111483108332645,4912.78457905952,9.834482780787925e-23,,0.2340860038309747,0.2340860038309747,12.483499032731258,12.483499032731258,0.0,0.0,,single_component,"[[9.834482780787925e-23, 0.2340860038309747, 1.6769131535973458, 12.370356113527793]]",,485.3843947929164
unconditional_vae_z8_fold0_seed42,subject34,1,3,1,go_to_arrival,0.32941707968711853,0.22975210845470428,72.3297487971529,72.3297487971529,0.7373737373737373,12.858226397991531,12.842672705068694,1.0012110947059096,0.14903934822359147,1.0,1.0,-0.6468856923121086,12.757430475336825,0.0,generated,0,8,42,unconditional_vae_z8_fold0_seed42-subject34-1,unconditional_vae_z8_fold0_seed42-subject34-1,True,True,True,True,True,"{""1"": {""optimizer_converged"": true, ""optimizer_status"": 2, ""optimizer_message"": ""`ftol` termination condition is satisfied."", ""nfev"": 10}, ""2"": {""optimizer_converged"": true, ""optimizer_status"": 2, ""optimizer_message"": ""`ftol` termination condition is satisfied."", ""nfev"": 22}, ""3"": {""optimizer_converged"": true, ""optimizer_status"": 2, ""optimizer_message"": ""`ftol` termination condition is satisfied."", ""nfev"": 58}, ""4"": {""optimizer_converged"": true, ""optimizer_status"": 2, ""optimizer_message"": ""`ftol` termination condition is satisfied."", ""nfev"": 67}}",2.0,3.0,0.021537382218812746,3493.966263754618,1.0608637566296185e-35,0.0715871848758141,0.14505323813601326,0.16379519027694986,4.9825603697323935,12.396692548525653,0.5980734094817111,28.909492468736303,49.352352140314416,overlapping_components,"[[1.0608637566296185e-35, 0.14505323813601326, -0.15613555384761454, 4.9801134050192575], [0.0715871848758141, 0.18253714241788646, -0.31377229748110136, 7.4074896496688485]]",,430.8992011688889
unconditional_vae_z8_fold0_seed42,subject35,0,2,2,go_to_arrival,0.19261161983013153,0.3024181127548218,75.06443931973773,75.06443931973773,0.8383838383838383,14.117146998112805,13.975163638068391,1.0101596921310925,0.8556451203874974,1.0,1.0,-0.4997785539178075,13.96120583231041,0.0,generated,0,8,42,unconditional_vae_z8_fold0_seed42-subject35-0,unconditional_vae_z8_fold0_seed42-subject35-0,True,True,True,True,True,"{""1"": {""optimizer_converged"": true, ""optimizer_status"": 2, ""optimizer_message"": ""`ftol` termination condition is satisfied."", ""nfev"": 12}, ""2"": {""optimizer_converged"": true, ""optimizer_status"": 2, ""optimizer_message"": ""`ftol` termination condition is satisfied."", ""nfev"": 37}, ""3"": {""optimizer_converged"": true, ""optimizer_status"": 2, ""optimizer_message"": ""`ftol` termination condition is satisfied."", ""nfev"": 91}, ""4"": {""optimizer_converged"": true, ""optimizer_status"": 2, ""optimizer_message"": ""`ftol` termination condition is satisfied."", ""nfev"": 648}}",1.0,4.0,0.042211347909295996,3673.104768570519,0.02877378698317206,,0.34007758976102237,0.34007758976102237,13.982299913098764,13.982299913098764,0.0,0.0,,single_component,"[[0.02877378698317206, 0.34007758976102237, -0.3328601961373357, 13.97833734568132]]",,327.36134452456514
unconditional_vae_z8_fold0_seed42,subject35,1,1,2,go_to_arrival,0.007008388638496399,0.4149729907512665,54.869709078130434,54.869709078130434,0.45454545454545453,12.866898146110598,12.841045870750328,1.0020132530963974,0.32896343084677276,1.0,1.0,0.8829331389802619,12.813853946891491,0.0,generated,0,8,42,unconditional_vae_z8_fold0_seed42-subject35-1,unconditional_vae_z8_fold0_seed42-subject35-1,True,True,True,True,True,"{""1"": {""optimizer_converged"": true, ""optimizer_status"": 2, ""optimizer_message"": ""`ftol` termination condition is satisfied."", ""nfev"": 9}, ""2"": {""optimizer_converged"": true, ""optimizer_status"": 2, ""optimizer_message"": ""`ftol` termination condition is satisfied."", ""nfev"": 21}, ""3"": {""optimizer_converged"": true, ""optimizer_status"": 2, ""optimizer_message"": ""`ftol` termination condition is satisfied."", ""nfev"": 47}, ""4"": {""optimizer_converged"": true, ""optimizer_status"": 2, ""optimizer_message"": ""`ftol` termination condition is satisfied."", ""nfev"": 77}}",1.0,4.0,0.019597322489425875,1569.113883228475,1.224545609784206e-15,,0.4596679285530662,0.4596679285530662,12.621633912079583,12.621633912079583,0.0,0.0,,single_component,"[[1.224545609784206e-15, 0.4596679285530662, 0.6895981808751784, 12.602781318403132]]",,238.56974358926482
unconditional_vae_z8_fold1_seed42,subject08,0,2,2,go_to_arrival,0.00021463260054588318,0.33770087361335754,64.95761466264116,64.95761466264116,0.45454545454545453,14.284542341609638,14.060576192388075,1.015928660828481,0.8683532474002101,1.0,1.0,-2.6782862529076645,13.793856027059991,0.0,generated,1,8,42,unconditional_vae_z8_fold1_seed42-subject08-0,unconditional_vae_z8_fold1_seed42-subject08-0,True,True,True,True,True,"{""1"": {""optimizer_converged"": true, ""optimizer_status"": 2, ""optimizer_message"": ""`ftol` termination condition is satisfied."", ""nfev"": 8}, ""2"": {""optimizer_converged"": true, ""optimizer_status"": 2, ""optimizer_message"": ""`ftol` termination condition is satisfied."", ""nfev"": 22}, ""3"": {""optimizer_converged"": true, ""optimizer_status"": 2, ""optimizer_message"": ""`ftol` termination condition is satisfied."", ""nfev"": 38}, ""4"": {""optimizer_converged"": true, ""optimizer_status"": 2, ""optimizer_message"": ""`ftol` termination condition is satisfied."", ""nfev"": 97}}",2.0,4.0,0.023741855939238544,2492.7510514342575,7.217353230892258e-30,0.24308090845686955,0.3486985132549869,0.23434994494204503,11.41206753906404,13.943524485535937,0.1815507226381578,29.089164945931913,69.71091049049465,overlapping_components,"[[7.217353230892258e-30, 0.3486985132549869, -2.196661657283706, 11.198658985770518], [0.24308090845686955, 0.12000137662910317, -0.008319314521875388, 2.5314432762451355]]",,293.1588507329349
unconditional_vae_z8_fold1_seed42,subject08,1,1,2,go_to_arrival,0.0027128164656460285,0.5815673470497131,64.27238537961394,64.27238537961394,0.8585858585858586,14.87696016190056,14.100025390710593,1.0551016575971437,1.9601760259371905,1.0,1.0,-0.10097082465079617,14.104911518327157,0.0,generated,1,8,42,unconditional_vae_z8_fold1_seed42-subject08-1,unconditional_vae_z8_fold1_seed42-subject08-1,True,True,True,True,True,"{""1"": {""optimizer_converged"": true, ""optimizer_status"": 2, ""optimizer_message"": ""`ftol` termination condition is satisfied."", ""nfev"": 16}, ""2"": {""optimizer_converged"": true, ""optimizer_status"": 2, ""optimizer_message"": ""`ftol` termination condition is satisfied."", ""nfev"": 21}, ""3"": {""optimizer_converged"": true, ""optimizer_status"": 2, ""optimizer_message"": ""`ftol` termination condition is satisfied."", ""nfev"": 64}, ""4"": {""optimizer_converged"": true, ""optimizer_status"": 2, ""optimizer_message"": ""`ftol` termination condition is satisfied."", ""nfev"": 91}}",3.0,4.0,0.037926039757817824,1961.4812481172066,5e-324,0.3254625926722431,0.47015396447610025,0.29101820169319403,3.21316982936894,14.739048348843804,0.7819961130922679,33.01106669167753,64.61520236547746,overlapping_components,"[[5e-324, 0.47015396447610025, -1.8202104965188481, 2.6478848352466975], [0.3254625926722431, 0.30290064060348193, 1.3244944550128532, 9.648436587337573], [0.5072203074520365, 0.10000000000000002, 0.7906370201567736, 1.6025306318790837]]",,170.2296397867354
unconditional_vae_z8_fold1_seed42,subject18,0,1,2,go_to_arrival,0.20176514983177185,0.24262098968029022,73.61000590788177,73.61000590788177,0.494949494949495,12.555216187999722,12.521636378828974,1.0026817428772747,0.22287446828650226,1.0,1.0,0.512342607843909,12.471972498050016,0.0,generated,1,8,42,unconditional_vae_z8_fold1_seed42-subject18-0,unconditional_vae_z8_fold1_seed42-subject18-0,True,True,True,True,True,"{""1"": {""optimizer_converged"": true, ""optimizer_status"": 2, ""optimizer_message"": ""`ftol` termination condition is satisfied."", ""nfev"": 7}, ""2"": {""optimizer_converged"": true, ""optimizer_status"": 2, ""optimizer_message"": ""`ftol` termination condition is satisfied."", ""nfev"": 31}, ""3"": {""optimizer_converged"": true, ""optimizer_status"": 2, ""optimizer_message"": ""`ftol` termination condition is satisfied."", ""nfev"": 53}, ""4"": {""optimizer_converged"": true, ""optimizer_status"": 2, ""optimizer_message"": ""`ftol` termination condition is satisfied."", ""nfev"": 589}}",1.0,4.0,0.02029207196412607,3179.24916611512,2.2417540496181407e-22,,0.2814684124573605,0.2814684124573605,12.113998156569586,12.113998156569586,0.0,0.0,,single_component,"[[2.2417540496181407e-22, 0.2814684124573605, 0.7634613857732275, 12.089916378941775]]",,408.04383878928036
unconditional_vae_z8_fold1_seed42,subject18,1,3,1,go_to_arrival,0.22131721675395966,0.2274019867181778,101.75587658592738,101.75587658592738,0.7070707070707071,13.510454119057227,13.350253063351808,1.0119998516091948,0.7740293085123984,1.0,1.0,0.48260938709625917,13.322450521775895,0.0,generated,1,8,42,unconditional_vae_z8_fold1_seed42-subject18-1,unconditional_vae_z8_fold1_seed42-subject18-1,True,True,True,True,True,"{""1"": {""optimizer_converged"": true, ""optimizer_status"": 2, ""optimizer_message"": ""`ftol` termination condition is satisfied."", ""nfev"": 10}, ""2"": {""optimizer_converged"": true, ""optimizer_status"": 2, ""optimizer_message"": ""`ftol` termination condition is satisfied."", ""nfev"": 38}, ""3"": {""optimizer_converged"": true, ""optimizer_status"": 2, ""optimizer_message"": ""`ftol` termination condition is satisfied."", ""nfev"": 169}, ""4"": {""optimizer_converged"": true, ""optimizer_status"": 2, ""optimizer_message"": ""`ftol` termination condition is satisfied."", ""nfev"": 208}}",1.0,4.0,0.01821149527232532,3726.33211165402,0.021039425449933917,,0.24312883185816525,0.24312883185816525,13.366693722059656,13.366693722059656,0.0,0.0,,single_component,"[[0.021039425449933917, 0.24312883185816525, 0.8921399965118256, 13.336888215995998]]",,435.352396998589
unconditional_vae_z8_fold1_seed42,subject23,0,3,1,go_to_arrival,0.024088284000754356,0.3171243965625763,58.747447992962414,58.747447992962414,0.5151515151515151,12.97591117736962,12.903558688784097,1.0056071732093885,0.3666091209968008,1.0,1.0,0.6016810096940391,12.884288499442405,0.0,generated,1,8,42,unconditional_vae_z8_fold1_seed42-subject23-0,unconditional_vae_z8_fold1_seed42-subject23-0,True,True,True,True,True,"{""1"": {""optimizer_converged"": true, ""optimizer_status"": 2, ""optimizer_message"": ""`ftol` termination condition is satisfied."", ""nfev"": 10}, ""2"": {""optimizer_converged"": true, ""optimizer_status"": 2, ""optimizer_message"": ""`ftol` termination condition is satisfied."", ""nfev"": 20}, ""3"": {""optimizer_converged"": true, ""optimizer_status"": 2, ""optimizer_message"": ""`ftol` termination condition is satisfied."", ""nfev"": 84}, ""4"": {""optimizer_converged"": true, ""optimizer_status"": 2, ""optimizer_message"": ""`ftol` termination condition is satisfied."", ""nfev"": 60}}",1.0,4.0,0.03973182554021522,3093.2599359532874,2.190270864463848e-21,,0.38682864422302404,0.38682864422302404,12.793284225106717,12.793284225106717,0.0,0.0,,single_component,"[[2.190270864463848e-21, 0.38682864422302404, 0.8410050614656932, 12.765611295623623]]",,312.1803338787431
unconditional_vae_z8_fold1_seed42,subject23,1,3,1,go_to_arrival,0.1812763810157776,0.32555413246154785,71.12382707036407,71.12382707036407,0.8787878787878788,12.745030341807945,12.741632543312756,1.0002666690067885,0.11337481129831659,1.0,1.0,0.2349339718234517,12.73128513241028,0.0,generated,1,8,42,unconditional_vae_z8_fold1_seed42-subject23-1,unconditional_vae_z8_fold1_seed42-subject23-1,True,True,True,True,True,"{""1"": {""optimizer_converged"": true, ""optimizer_status"": 2, ""optimizer_message"": ""`ftol` termination condition is satisfied."", ""nfev"": 16}, ""2"": {""optimizer_converged"": true, ""optimizer_status"": 2, ""optimizer_message"": ""`ftol` termination condition is satisfied."", ""nfev"": 32}, ""3"": {""optimizer_converged"": true, ""optimizer_status"": 2, ""optimizer_message"": ""`ftol` termination condition is satisfied."", ""nfev"": 78}, ""4"": {""optimizer_converged"": true, ""optimizer_status"": 2, ""optimizer_message"": ""`ftol` termination condition is satisfied."", ""nfev"": 94}}",2.0,4.0,0.01883776982694782,2211.5491113914795,0.012869443053024092,0.22759866346379068,0.3665075897267441,0.2428510592781441,9.81901051711981,12.669877230051387,0.2250113920732928,45.45300226811631,58.58793280948468,overlapping_components,"[[0.012869443053024092, 0.3665075897267441, 0.1931236330639013, 9.817111122813149], [0.22759866346379068, 0.11919452882954414, -0.010435310462613933, 2.850847614166153]]",,304.0968924321462
unconditional_vae_z8_fold1_seed42,subject25,0,3,1,go_to_arrival,0.03183238208293915,0.40055930614471436,45.10268011169468,45.10268011169468,0.7373737373737373,12.707439818219607,12.59964427267464,1.0085554435674622,0.661872419315162,1.0,1.0,-0.788120783188668,12.582362878736403,0.0,generated,1,8,42,unconditional_vae_z8_fold1_seed42-subject25-0,unconditional_vae_z8_fold1_seed42-subject25-0,True,True,True,True,True,"{""1"": {""optimizer_converged"": true, ""optimizer_status"": 2, ""optimizer_message"": ""`ftol` termination condition is satisfied."", ""nfev"": 9}, ""2"": {""optimizer_converged"": true, ""optimizer_status"": 2, ""optimizer_message"": ""`ftol` termination condition is satisfied."", ""nfev"": 19}, ""3"": {""optimizer_converged"": true, ""optimizer_status"": 2, ""optimizer_message"": ""`ftol` termination condition is satisfied."", ""nfev"": 38}, ""4"": {""optimizer_converged"": true, ""optimizer_status"": 2, ""optimizer_message"": ""`ftol` termination condition is satisfied."", ""nfev"": 45}}",2.0,4.0,0.025312480695527453,1830.2575729290777,1.152077489887493e-19,0.1683140784730285,0.2954577397829993,0.29249684859159525,5.098088537973908,12.736213645732104,0.5997170996199273,27.769717450710715,56.96722603938141,overlapping_components,"[[1.152077489887493e-19, 0.2954577397829993, 0.37552028883417676, 5.084239496099179], [0.1683140784730285, 0.2895359574001912, -1.1812548153537854, 7.546230331958445]]",,247.1544125459245
unconditional_vae_z8_fold1_seed42,subject25,1,3,1,go_to_arrival,0.11014164984226227,0.47365671396255493,61.975927194740706,61.975927194740706,0.32323232323232326,13.111689795260626,12.876339507608327,1.0182777323876273,0.4342971382673399,1.0,1.0,0.39609461383797023,12.892335650025545,0.0,generated,1,8,42,unconditional_vae_z8_fold1_seed42-subject25-1,unconditional_vae_z8_fold1_seed42-subject25-1,True,True,True,True,True,"{""1"": {""optimizer_converged"": true, ""optimizer_status"": 2, ""optimizer_message"": ""`ftol` termination condition is satisfied."", ""nfev"": 9}, ""2"": {""optimizer_converged"": true, ""optimizer_status"": 2, ""optimizer_message"": ""`ftol` termination condition is satisfied."", ""nfev"": 14}, ""3"": {""optimizer_converged"": true, ""optimizer_status"": 2, ""optimizer_message"": ""`ftol` termination condition is satisfied."", ""nfev"": 28}, ""4"": {""optimizer_converged"": true, ""optimizer_status"": 2, ""optimizer_message"": ""`ftol` termination condition is satisfied."", ""nfev"": 34}}",2.0,4.0,0.010267075218134749,935.5841810096861,0.004480035317231253,0.05000000000000001,0.2849094699536543,0.38495842417385073,8.555058216369531,13.067051592298435,0.34529544358638786,45.122934452828744,15.976992512805351,overlapping_components,"[[0.004480035317231253, 0.2849094699536543, 0.4223870461623059, 8.544624641767834], [0.05000000000000001, 0.48500737839404723, -0.1853988145260123, 4.508182727441143]]",,209.01213279925443
unconditional_vae_z8_fold1_seed42,subject26,0,2,2,go_to_arrival,0.0004776312271133065,0.3816114664077759,60.95214783274593,60.95214783274593,0.5555555555555556,13.798170959099375,13.742485906320939,1.0040520363752254,0.3117305388728726,1.0,1.0,-1.5194044922168057,13.659399398408924,0.0,generated,1,8,42,unconditional_vae_z8_fold1_seed42-subject26-0,unconditional_vae_z8_fold1_seed42-subject26-0,True,True,True,True,True,"{""1"": {""optimizer_converged"": true, ""optimizer_status"": 2, ""optimizer_message"": ""`ftol` termination condition is satisfied."", ""nfev"": 11}, ""2"": {""optimizer_converged"": true, ""optimizer_status"": 2, ""optimizer_message"": ""`ftol` termination condition is satisfied."", ""nfev"": 40}, ""3"": {""optimizer_converged"": true, ""optimizer_status"": 2, ""optimizer_message"": ""`ftol` termination condition is satisfied."", ""nfev"": 43}, ""4"": {""optimizer_converged"": true, ""optimizer_status"": 2, ""optimizer_message"": ""`ftol` termination condition is satisfied."", ""nfev"": 322}}",1.0,4.0,0.024673861768914757,2160.3693819870555,0.028786735253418686,,0.42105162187304684,0.42105162187304684,13.485984586904435,13.485984586904435,0.0,0.0,,single_component,"[[0.028786735253418686, 0.42105162187304684, -1.3307870238283277, 13.420163418357994]]",,259.42616696483714
unconditional_vae_z8_fold1_seed42,subject26,1,1,2,go_to_arrival,0.027847688645124435,0.3456592857837677,119.98584778150071,119.98584778150071,0.8888888888888888,14.469675138385076,14.170455479261816,1.0211157403910667,1.0578791403657237,1.0,1.0,0.9442294955022165,14.14004838042779,0.0,generated,1,8,42,unconditional_vae_z8_fold1_seed42-subject26-1,unconditional_vae_z8_fold1_seed42-subject26-1,True,True,True,True,True,"{""1"": {""optimizer_converged"": true, ""optimizer_status"": 2, ""optimizer_message"": ""`ftol` termination condition is satisfied."", ""nfev"": 16}, ""2"": {""optimizer_converged"": true, ""optimizer_status"": 2, ""optimizer_message"": ""`ftol` termination condition is satisfied."", ""nfev"": 61}, ""3"": {""optimizer_converged"": true, ""optimizer_status"": 2, ""optimizer_message"": ""`ftol` termination condition is satisfied."", ""nfev"": 51}, ""4"": {""optimizer_converged"": true, ""optimizer_status"": 2, ""optimizer_message"": ""`ftol` termination condition is satisfied."", ""nfev"": 196}}",2.0,4.0,0.021606536243581907,2994.3242251375696,0.16579855579707287,0.26654788548858743,0.20602784398749377,0.1530139219937493,9.96207881027261,13.556138143057494,0.26512413010673763,52.442772515233315,48.900831917471415,overlapping_components,"[[0.16579855579707287, 0.20602784398749377, 0.12742327025437838, 9.961263852156522], [0.26654788548858743, 0.10000000000000482, 1.4983218518707189, 3.2668477337924435]]",,286.4092014062973
unconditional_vae_z8_fold1_seed42,subject41,0,2,1,go_to_arrival,0.018853120505809784,0.3275206983089447,74.67493631821301,74.67493631821301,0.42424242424242425,13.220048487581131,13.118090762099994,1.0077722991348488,0.3556398318931273,1.0,1.0,-0.021479415210317033,13.118515564166652,0.0,generated,1,8,42,unconditional_vae_z8_fold1_seed42-subject41-0,unconditional_vae_z8_fold1_seed42-subject41-0,True,True,True,True,True,"{""1"": {""optimizer_converged"": true, ""optimizer_status"": 2, ""optimizer_message"": ""`ftol` termination condition is satisfied."", ""nfev"": 17}, ""2"": {""optimizer_converged"": true, ""optimizer_status"": 2, ""optimizer_message"": ""`ftol` termination condition is satisfied."", ""nfev"": 19}, ""3"": {""optimizer_converged"": true, ""optimizer_status"": 2, ""optimizer_message"": ""`ftol` termination condition is satisfied."", ""nfev"": 69}, ""4"": {""optimizer_converged"": true, ""optimizer_status"": 2, ""optimizer_message"": ""`ftol` termination condition is satisfied."", ""nfev"": 71}}",2.0,4.0,0.00943331260033605,1439.2423663375607,0.014916382858686504,0.19445730161652083,0.2559704265409468,0.2093110272914853,9.945484954560294,13.035694066874138,0.23705750506730422,22.33523450404508,70.1412742026719,overlapping_components,"[[0.014916382858686504, 0.2559704265409468, 0.5190747640840394, 9.931929941893282], [0.19445730161652083, 0.16265162804202377, -0.21382160159663524, 3.0828027313660797]]",,302.2709725252692
unconditional_vae_z8_fold1_seed42,subject41,1,2,2,go_to_arrival,0.09824813902378082,0.3503498435020447,58.46196441674498,58.46196441674498,0.8787878787878788,12.753738117043822,12.726311176707352,1.0021551367050232,0.24872866400965424,1.0,1.0,0.04413391494075354,12.725865265992956,0.0,generated,1,8,42,unconditional_vae_z8_fold1_seed42-subject41-1,unconditional_vae_z8_fold1_seed42-subject41-1,True,True,True,True,True,"{""1"": {""optimizer_converged"": true, ""optimizer_status"": 2, ""optimizer_message"": ""`ftol` termination condition is satisfied."", ""nfev"": 12}, ""2"": {""optimizer_converged"": true, ""optimizer_status"": 2, ""optimizer_message"": ""`ftol` termination condition is satisfied."", ""nfev"": 34}, ""3"": {""optimizer_converged"": true, ""optimizer_status"": 2, ""optimizer_message"": ""`ftol` termination condition is satisfied."", ""nfev"": 46}, ""4"": {""optimizer_converged"": true, ""optimizer_status"": 2, ""optimizer_message"": ""`ftol` termination condition is satisfied."", ""nfev"": 96}}",2.0,4.0,0.018623859149666744,1922.9705046230652,6.177163066693928e-34,0.23258711325333134,0.3978211499112435,0.27289312161150997,9.692188650264141,12.67684554016964,0.23544160733424538,43.41954502099114,58.46524582848927,overlapping_components,"[[6.177163066693928e-34, 0.3978211499112435, 0.03795361166819036, 9.692114338763774], [0.23258711325333134, 0.14796509331177643, 0.1530956586808971, 2.98072784228172]]",,282.5746945122361
unconditional_vae_z8_fold1_seed42,subject43,0,3,1,go_to_arrival,0.20055320858955383,0.24537083506584167,77.88889195635721,77.88889195635721,0.7171717171717171,12.482179350724929,12.406745630349858,1.006080056980498,0.6010628210808073,1.0,1.0,-0.38208338154533217,12.37577877747263,0.0,generated,1,8,42,unconditional_vae_z8_fold1_seed42-subject43-0,unconditional_vae_z8_fold1_seed42-subject43-0,True,True,True,True,True,"{""1"": {""optimizer_converged"": true, ""optimizer_status"": 2, ""optimizer_message"": ""`ftol` termination condition is satisfied."", ""nfev"": 10}, ""2"": {""optimizer_converged"": true, ""optimizer_status"": 2, ""optimizer_message"": ""`ftol` termination condition is satisfied."", ""nfev"": 25}, ""3"": {""optimizer_converged"": true, ""optimizer_status"": 2, ""optimizer_message"": ""`ftol` termination condition is satisfied."", ""nfev"": 60}, ""4"": {""optimizer_converged"": true, ""optimizer_status"": 2, ""optimizer_message"": ""`ftol` termination condition is satisfied."", ""nfev"": 547}}",1.0,4.0,0.023170453879517897,3376.082586849485,0.0068689210636730365,,0.2854195992256875,0.2854195992256875,12.343063845882314,12.343063845882314,0.0,0.0,,single_component,"[[0.0068689210636730365, 0.2854195992256875, -0.2822230549462167, 12.339836921563588]]",,403.4709339984713
unconditional_vae_z8_fold1_seed42,subject43,1,3,1,go_to_arrival,0.23615266382694244,0.3695666193962097,50.19153413096685,50.19153413096685,0.5252525252525253,13.274482514282473,13.181640280950845,1.0070432989637714,0.7029824191319253,1.0,1.0,0.34512363678174246,13.174052651497115,0.0,generated,1,8,42,unconditional_vae_z8_fold1_seed42-subject43-1,unconditional_vae_z8_fold1_seed42-subject43-1,True,True,True,True,True,"{""1"": {""optimizer_converged"": true, ""optimizer_status"": 2, ""optimizer_message"": ""`ftol` termination condition is satisfied."", ""nfev"": 13}, ""2"": {""optimizer_converged"": true, ""optimizer_status"": 2, ""optimizer_message"": ""`ftol` termination condition is satisfied."", ""nfev"": 21}, ""3"": {""optimizer_converged"": true, ""optimizer_status"": 2, ""optimizer_message"": ""`ftol` termination condition is satisfied."", ""nfev"": 21}, ""4"": {""optimizer_converged"": true, ""optimizer_status"": 2, ""optimizer_message"": ""`ftol` termination condition is satisfied."", ""nfev"": 94}}",2.0,4.0,0.012079833947993186,1324.5789789704365,5e-324,0.12963391323059217,0.2649016869420143,0.2710258981722156,7.137917667826734,12.977647243204565,0.44998368856386245,33.25297115552091,48.93661294764363,overlapping_components,"[[5e-324, 0.2649016869420143, -0.5759438513249203, 7.114643864087229], [0.12963391323059217, 0.2771501094024169, 1.059058770981658, 5.74289439508941]]",,267.88133669037575
unconditional_vae_z8_fold2_seed42,subject01,0,3,1,go_to_arrival,0.11592905968427658,0.40776515007019043,67.35379963020128,67.35379963020128,0.9393939393939394,12.844933837478008,12.685578348861668,1.0125619411456033,0.8273021696447789,2.0,2.0,-0.2573493773105353,12.68809920780804,0.0,generated,2,8,42,unconditional_vae_z8_fold2_seed42-subject01-0,unconditional_vae_z8_fold2_seed42-subject01-0,True,True,True,True,True,"{""1"": {""optimizer_converged"": true, ""optimizer_status"": 2, ""optimizer_message"": ""`ftol` termination condition is satisfied."", ""nfev"": 11}, ""2"": {""optimizer_converged"": true, ""optimizer_status"": 2, ""optimizer_message"": ""`ftol` termination condition is satisfied."", ""nfev"": 26}, ""3"": {""optimizer_converged"": true, ""optimizer_status"": 2, ""optimizer_message"": ""`ftol` termination condition is satisfied."", ""nfev"": 54}, ""4"": {""optimizer_converged"": true, ""optimizer_status"": 2, ""optimizer_message"": ""`ftol` termination condition is satisfied."", ""nfev"": 54}}",3.0,4.0,0.04667324459436054,2557.361682587572,5e-324,0.1994323674073469,0.2049702074293213,0.1834463464049798,5.30824152671249,12.176571634788997,0.5640610768020604,25.305851776425385,75.38888143721869,overlapping_components,"[[5e-324, 0.2049702074293213, -0.5018296910444461, 5.2844673399597415], [0.1994323674073469, 0.2453688317856181, 0.263698486982005, 4.079759012993954], [0.3306544921564311, 0.10000000000000002, 0.4624954042489638, 2.7413170833018508]]",,242.78680996391842
unconditional_vae_z8_fold2_seed42,subject01,1,2,1,go_to_arrival,0.1813332736492157,0.20914798974990845,84.34034732917462,84.34034732917462,0.7272727272727273,11.049567131507832,11.026717807242822,1.0020721782006612,0.2434205684094026,1.0,1.0,-0.10646220530252583,10.974045950127474,0.0,generated,2,8,42,unconditional_vae_z8_fold2_seed42-subject01-1,unconditional_vae_z8_fold2_seed42-subject01-1,True,True,True,True,True,"{""1"": {""optimizer_converged"": true, ""optimizer_status"": 2, ""optimizer_message"": ""`ftol` termination condition is satisfied."", ""nfev"": 11}, ""2"": {""optimizer_converged"": true, ""optimizer_status"": 2, ""optimizer_message"": ""`ftol` termination condition is satisfied."", ""nfev"": 19}, ""3"": {""optimizer_converged"": true, ""optimizer_status"": 2, ""optimizer_message"": ""`ftol` termination condition is satisfied."", ""nfev"": 65}, ""4"": {""optimizer_converged"": true, ""optimizer_status"": 2, ""optimizer_message"": ""`ftol` termination condition is satisfied."", ""nfev"": 47}}",1.0,3.0,0.029918994145380552,4129.542121457767,9.826259109637118e-16,,0.2510374623863522,0.2510374623863522,10.915682716292004,10.915682716292004,0.0,0.0,,single_component,"[[9.826259109637118e-16, 0.2510374623863522, 0.10866083295087106, 10.915141867430693]]",,473.34903920606934
unconditional_vae_z8_fold2_seed42,subject04,0,3,1,go_to_arrival,0.18159988522529602,0.3710927665233612,53.02124121994855,53.02124121994855,0.898989898989899,13.131232664749405,13.106095691243445,1.0019179604741293,0.19734864364869983,1.0,1.0,0.4703101078473176,13.096818299390437,0.0,generated,2,8,42,unconditional_vae_z8_fold2_seed42-subject04-0,unconditional_vae_z8_fold2_seed42-subject04-0,True,True,True,True,True,"{""1"": {""optimizer_converged"": true, ""optimizer_status"": 2, ""optimizer_message"": ""`ftol` termination condition is satisfied."", ""nfev"": 12}, ""2"": {""optimizer_converged"": true, ""optimizer_status"": 2, ""optimizer_message"": ""`ftol` termination condition is satisfied."", ""nfev"": 61}, ""3"": {""optimizer_converged"": true, ""optimizer_status"": 2, ""optimizer_message"": ""`ftol` termination condition is satisfied."", ""nfev"": 40}, ""4"": {""optimizer_converged"": true, ""optimizer_status"": 2, ""optimizer_message"": ""`ftol` termination condition is satisfied."", ""nfev"": 197}}",2.0,4.0,0.024603455743324926,2091.9753537634674,2.2227587494850775e-161,0.27306495506387907,0.43744592573922697,0.27928398479590283,10.980154557711268,12.97731645031683,0.15389636988907696,41.701266436284996,62.422562194958076,overlapping_components,"[[2.2227587494850775e-161, 0.43744592573922697, 0.4294303809966485, 10.971753900771954], [0.27306495506387907, 0.12112204385257869, -0.10946144818002723, 1.994159927547979]]",,266.77965439072415
unconditional_vae_z8_fold2_seed42,subject04,1,3,1,go_to_arrival,0.20539847016334534,0.2609618902206421,75.09267351286677,75.09267351286677,0.5454545454545454,13.40852175183999,13.38600077893873,1.0016824272815443,0.3178235291127153,1.0,1.0,0.6515091223947101,13.343690763362343,0.0,generated,2,8,42,unconditional_vae_z8_fold2_seed42-subject04-1,unconditional_vae_z8_fold2_seed42-subject04-1,True,True,True,True,True,"{""1"": {""optimizer_converged"": true, ""optimizer_status"": 2, ""optimizer_message"": ""`ftol` termination condition is satisfied."", ""nfev"": 9}, ""2"": {""optimizer_converged"": true, ""optimizer_status"": 2, ""optimizer_message"": ""`ftol` termination condition is satisfied."", ""nfev"": 21}, ""3"": {""optimizer_converged"": true, ""optimizer_status"": 2, ""optimizer_message"": ""`ftol` termination condition is satisfied."", ""nfev"": 66}, ""4"": {""optimizer_converged"": true, ""optimizer_status"": 2, ""optimizer_message"": ""`ftol` termination condition is satisfied."", ""nfev"": 616}}",1.0,4.0,0.015587656103933428,2733.7899073834024,3.6922499111011504e-21,,0.30871357677389494,0.30871357677389494,13.27517298506022,13.27517298506022,0.0,0.0,,single_component,"[[3.6922499111011504e-21, 0.30871357677389494, 0.7610716084394604, 13.253338741241773]]",,379.36573771862226
unconditional_vae_z8_fold2_seed42,subject10,0,3,1,go_to_arrival,0.23646484315395355,0.35161808133125305,46.21680488656952,46.21680488656952,0.8787878787878788,12.709955531027042,12.50633914043475,1.0162810546160523,1.0367407021934998,1.0,1.0,0.13123784667113073,12.48983392645465,0.0,generated,2,8,42,unconditional_vae_z8_fold2_seed42-subject10-0,unconditional_vae_z8_fold2_seed42-subject10-0,True,True,True,True,True,"{""1"": {""optimizer_converged"": true, ""optimizer_status"": 2, ""optimizer_message"": ""`ftol` termination condition is satisfied."", ""nfev"": 11}, ""2"": {""optimizer_converged"": true, ""optimizer_status"": 2, ""optimizer_message"": ""`ftol` termination condition is satisfied."", ""nfev"": 25}, ""3"": {""optimizer_converged"": true, ""optimizer_status"": 2, ""optimizer_message"": ""`ftol` termination condition is satisfied."", ""nfev"": 52}, ""4"": {""optimizer_converged"": true, ""optimizer_status"": 2, ""optimizer_message"": ""`ftol` termination condition is satisfied."", ""nfev"": 88}}",3.0,4.0,0.03138829749176328,2339.1762392560263,5e-324,0.07785287220213566,0.17206626229531635,0.19524997929606905,3.242372651703891,12.338891137918493,0.7372233359171315,31.88713750108086,53.406046433879396,overlapping_components,"[[5e-324, 0.17206626229531635, -0.6235686715086954, 3.181845773199921], [0.07785287220213566, 0.30174981321855804, 0.06731461610468066, 7.327373130700146], [0.2636288437425488, 0.11193386237433278, 0.8113267576285722, 1.5717920530642417]]",,281.5554866381683
unconditional_vae_z8_fold2_seed42,subject10,1,2,1,go_to_arrival,0.25271594524383545,0.19627688825130463,88.35962552801195,88.35962552801195,0.6767676767676768,11.732405625524597,11.710435293718039,1.0018761328042471,0.2343629218523242,1.0,1.0,0.03946155820105244,11.629978691224013,0.0,generated,2,8,42,unconditional_vae_z8_fold2_seed42-subject10-1,unconditional_vae_z8_fold2_seed42-subject10-1,True,True,True,True,True,"{""1"": {""optimizer_converged"": true, ""optimizer_status"": 2, ""optimizer_message"": ""`ftol` termination condition is satisfied."", ""nfev"": 9}, ""2"": {""optimizer_converged"": true, ""optimizer_status"": 2, ""optimizer_message"": ""`ftol` termination condition is satisfied."", ""nfev"": 32}, ""3"": {""optimizer_converged"": true, ""optimizer_status"": 2, ""optimizer_message"": ""`ftol` termination condition is satisfied."", ""nfev"": 25}}",1.0,3.0,0.028161878176759608,4515.687882971481,3.0660608897427925e-21,,0.22489531946208055,0.22489531946208055,11.124890581902461,11.124890581902461,0.0,0.0,,single_component,"[[3.0660608897427925e-21, 0.22489531946208055, 0.27199447116774444, 11.121565063737938]]",,504.38949222205207
unconditional_vae_z8_fold2_seed42,subject12,0,2,2,go_to_arrival,0.22881078720092773,0.28110235929489136,98.93342590200233,98.93342590200233,0.8181818181818182,13.994856672333716,13.958406899542352,1.0026113132432442,0.29440951930373216,1.0,1.0,-0.3789139569777343,13.951388230468128,0.0,generated,2,8,42,unconditional_vae_z8_fold2_seed42-subject12-0,unconditional_vae_z8_fold2_seed42-subject12-0,True,True,True,True,True,"{""1"": {""optimizer_converged"": true, ""optimizer_status"": 2, ""optimizer_message"": ""`ftol` termination condition is satisfied."", ""nfev"": 12}, ""2"": {""optimizer_converged"": true, ""optimizer_status"": 2, ""optimizer_message"": ""`ftol` termination condition is satisfied."", ""nfev"": 36}, ""3"": {""optimizer_converged"": true, ""optimizer_status"": 2, ""optimizer_message"": ""`ftol` termination condition is satisfied."", ""nfev"": 125}, ""4"": {""optimizer_converged"": true, ""optimizer_status"": 2, ""optimizer_message"": ""`ftol` termination condition is satisfied."", ""nfev"": 193}}",1.0,4.0,0.04346781335256966,4181.824303798734,0.061848147709736755,,0.27301827772099185,0.27301827772099185,13.705065537619932,13.705065537619932,0.0,0.0,,single_component,"[[0.061848147709736755, 0.27301827772099185, -0.3273528921050323, 13.701155479538505]]",,352.184877595224
unconditional_vae_z8_fold2_seed42,subject12,1,1,2,go_to_arrival,0.13586656749248505,0.4077809453010559,65.23365539212988,65.23365539212988,0.9191919191919192,13.875480256926325,13.391120311256854,1.036170233289765,1.303985210417724,1.0,1.0,0.5561366902532365,13.383001570924778,0.0,generated,2,8,42,unconditional_vae_z8_fold2_seed42-subject12-1,unconditional_vae_z8_fold2_seed42-subject12-1,True,True,True,True,True,"{""1"": {""optimizer_converged"": true, ""optimizer_status"": 2, ""optimizer_message"": ""`ftol` termination condition is satisfied."", ""nfev"": 20}, ""2"": {""optimizer_converged"": true, ""optimizer_status"": 2, ""optimizer_message"": ""`ftol` termination condition is satisfied."", ""nfev"": 134}, ""3"": {""optimizer_converged"": true, ""optimizer_status"": 2, ""optimizer_message"": ""`ftol` termination condition is satisfied."", ""nfev"": 27}, ""4"": {""optimizer_converged"": true, ""optimizer_status"": 2, ""optimizer_message"": ""`ftol` termination condition is satisfied."", ""nfev"": 108}}",3.0,4.0,0.01961392580554476,1907.972609778645,1.236307941737446e-22,0.15076727469386877,0.282862557675724,0.22695722144238242,2.7869907514087258,13.927449228823114,0.7998922339891933,36.019454610938354,56.699726142769336,overlapping_components,"[[1.236307941737446e-22, 0.282862557675724, -1.1790799817461688, 2.5252896556797655], [0.15076727469386877, 0.29800910665142333, 1.7066370194944196, 8.877905415675253], [0.32986750209441235, 0.10000000000000002, 0.3101610014475263, 2.0769731760245387]]",,242.7774057145079
unconditional_vae_z8_fold2_seed42,subject15,0,2,1,go_to_arrival,0.19406312704086304,0.28541967272758484,78.43969155473889,78.43969155473889,0.47474747474747475,12.993502554675308,12.658157222019637,1.0264924290932582,0.8305614106550099,1.0,1.0,0.874332724799929,12.611052807918357,0.0,generated,2,8,42,unconditional_vae_z8_fold2_seed42-subject15-0,unconditional_vae_z8_fold2_seed42-subject15-0,True,True,True,True,True,"{""1"": {""optimizer_converged"": true, ""optimizer_status"": 2, ""optimizer_message"": ""`ftol` termination condition is satisfied."", ""nfev"": 12}, ""2"": {""optimizer_converged"": true, ""optimizer_status"": 2, ""optimizer_message"": ""`ftol` termination condition is satisfied."", ""nfev"": 19}, ""3"": {""optimizer_converged"": true, ""optimizer_status"": 2, ""optimizer_message"": ""`ftol` termination condition is satisfied."", ""nfev"": 26}, ""4"": {""optimizer_converged"": true, ""optimizer_status"": 2, ""optimizer_message"": ""`ftol` termination condition is satisfied."", ""nfev"": 58}}",1.0,4.0,0.03132325809646275,3280.6112583614886,5.502273906866939e-19,,0.30242177522158703,0.30242177522158703,12.30615341850733,12.30615341850733,0.0,0.0,,single_component,"[[5.502273906866939e-19, 0.30242177522158703, 1.7888428250174522, 12.175444686220837]]",,346.857660699826
unconditional_vae_z8_fold2_seed42,subject15,1,2,2,go_to_arrival,0.13158206641674042,0.4884765148162842,55.329080294767344,55.329080294767344,0.696969696969697,14.792556499308388,13.99099745407937,1.057291057900615,1.6985696648945168,1.0,1.0,-0.05357503292547677,13.992642807700136,0.0,generated,2,8,42,unconditional_vae_z8_fold2_seed42-subject15-1,unconditional_vae_z8_fold2_seed42-subject15-1,True,True,True,True,True,"{""1"": {""optimizer_converged"": true, ""optimizer_status"": 2, ""optimizer_message"": ""`ftol` termination condition is satisfied."", ""nfev"": 13}, ""2"": {""optimizer_converged"": true, ""optimizer_status"": 2, ""optimizer_message"": ""`ftol` termination condition is satisfied."", ""nfev"": 18}, ""3"": {""optimizer_converged"": true, ""optimizer_status"": 2, ""optimizer_message"": ""`ftol` termination condition is satisfied."", ""nfev"": 24}, ""4"": {""optimizer_converged"": true, ""optimizer_status"": 2, ""optimizer_message"": ""`ftol` termination condition is satisfied."", ""nfev"": 222}}",2.0,4.0,0.02270424882059724,1672.4483132246353,4.992938796949915e-28,0.15937282759824542,0.5936245369173485,0.4905207029274659,8.672989672023073,17.10749429573186,0.4930298077499934,79.41841480742833,26.84741241085781,overlapping_components,"[[4.992938796949915e-28, 0.5936245369173485, -4.594365091639847, 7.35612392879158], [0.15937282759824542, 0.3874168689375833, 4.999999999999999, 6.792706989659198]]",,202.6709514115205
unconditional_vae_z8_fold2_seed42,subject21,0,2,2,go_to_arrival,0.16064803302288055,0.3822489380836487,54.5564311108087,54.5564311108087,0.8686868686868687,13.393855287127797,13.372052748970935,1.001630455590189,0.14985597676244133,1.0,1.0,-0.4089998156598435,13.367636386213157,0.0,generated,2,8,42,unconditional_vae_z8_fold2_seed42-subject21-0,unconditional_vae_z8_fold2_seed42-subject21-0,True,True,True,True,True,"{""1"": {""optimizer_converged"": true, ""optimizer_status"": 2, ""optimizer_message"": ""`ftol` termination condition is satisfied."", ""nfev"": 13}, ""2"": {""optimizer_converged"": true, ""optimizer_status"": 2, ""optimizer_message"": ""`ftol` termination condition is satisfied."", ""nfev"": 60}, ""3"": {""optimizer_converged"": true, ""optimizer_status"": 2, ""optimizer_message"": ""`ftol` termination condition is satisfied."", ""nfev"": 140}, ""4"": {""optimizer_converged"": true, ""optimizer_status"": 2, ""optimizer_message"": ""`ftol` termination condition is satisfied."", ""nfev"": 95}}",2.0,4.0,0.019725800559770357,1901.2369200780488,0.026831535216920534,0.2758830257562634,0.41737285862120793,0.2743395302489866,11.226671818178412,13.284736946040425,0.15491952427973588,44.25344128382263,59.67122331866163,overlapping_components,"[[0.026831535216920534, 0.41737285862120793, -0.7357698544722159, 11.202535553807955], [0.2758830257562634, 0.13130620187676528, 0.15425474621028457, 2.052276186041559]]",,258.9935252569244
unconditional_vae_z8_fold2_seed42,subject21,1,1,2,go_to_arrival,0.074210524559021,0.5402761697769165,43.880198172456986,43.880198172456986,0.98989898989899,13.734571686761543,13.029182977820133,1.0541391359797625,2.0548787875737893,1.0,1.0,-0.037683890798776876,13.04140766848009,0.0,generated,2,8,42,unconditional_vae_z8_fold2_seed42-subject21-1,unconditional_vae_z8_fold2_seed42-subject21-1,True,True,True,True,True,"{""1"": {""optimizer_converged"": true, ""optimizer_status"": 2, ""optimizer_message"": ""`ftol` termination condition is satisfied."", ""nfev"": 14}, ""2"": {""optimizer_converged"": true, ""optimizer_status"": 2, ""optimizer_message"": ""`ftol` termination condition is satisfied."", ""nfev"": 26}, ""3"": {""optimizer_converged"": true, ""optimizer_status"": 2, ""optimizer_message"": ""`ftol` termination condition is satisfied."", ""nfev"": 51}, ""4"": {""optimizer_converged"": true, ""optimizer_status"": 2, ""optimizer_message"": ""`ftol` termination condition is satisfied."", ""nfev"": 46}}",3.0,4.0,0.04054435869174936,1681.462040953858,5e-324,0.14377770846090146,0.27475514404266826,0.2834827712563133,4.784330602336657,13.602954593754815,0.648287394524336,28.637471587620247,59.75207731143607,overlapping_components,"[[5e-324, 0.27475514404266826, -2.018738808474134, 4.337569934377482], [0.14377770846090146, 0.46040803826802545, 1.5732828221785486, 6.6149764335973975], [0.4530556949970295, 0.11528513145824626, 0.595382479365338, 1.929352649586544]]",,183.2396199167506
unconditional_vae_z8_fold2_seed42,subject36,0,1,2,go_to_arrival,0.20532844960689545,0.28851327300071716,67.11908660668774,67.11908660668774,0.5555555555555556,12.882312565947759,12.671866835131954,1.0166073186811242,0.9456672951260328,1.0,1.0,-0.6480519077600939,12.638180178120665,0.0,generated,2,8,42,unconditional_vae_z8_fold2_seed42-subject36-0,unconditional_vae_z8_fold2_seed42-subject36-0,True,True,True,True,True,"{""1"": {""optimizer_converged"": true, ""optimizer_status"": 2, ""optimizer_message"": ""`ftol` termination condition is satisfied."", ""nfev"": 10}, ""2"": {""optimizer_converged"": true, ""optimizer_status"": 2, ""optimizer_message"": ""`ftol` termination condition is satisfied."", ""nfev"": 19}, ""3"": {""optimizer_converged"": true, ""optimizer_status"": 2, ""optimizer_message"": ""`ftol` termination condition is satisfied."", ""nfev"": 43}, ""4"": {""optimizer_converged"": true, ""optimizer_status"": 2, ""optimizer_message"": ""`ftol` termination condition is satisfied."", ""nfev"": 145}}",1.0,4.0,0.021777133251539706,2687.6241156590745,1.144877364239764e-19,,0.3387258363530926,0.3387258363530926,12.603898035063276,12.603898035063276,0.0,0.0,,single_component,"[[1.144877364239764e-19, 0.3387258363530926, -0.2215251508803146, 12.601951130114708]]",,343.1384593517606
unconditional_vae_z8_fold2_seed42,subject36,1,3,1,go_to_arrival,0.1363873928785324,0.3733980059623718,68.24568369620512,68.24568369620512,0.8888888888888888,12.53791265324516,12.4763866981204,1.0049313921260574,0.18049206190176795,1.0,1.0,0.6739469519458825,12.456522037886982,0.0,generated,2,8,42,unconditional_vae_z8_fold2_seed42-subject36-1,unconditional_vae_z8_fold2_seed42-subject36-1,True,True,True,True,True,"{""1"": {""optimizer_converged"": true, ""optimizer_status"": 2, ""optimizer_message"": ""`ftol` termination condition is satisfied."", ""nfev"": 17}, ""2"": {""optimizer_converged"": true, ""optimizer_status"": 2, ""optimizer_message"": ""`ftol` termination condition is satisfied."", ""nfev"": 78}, ""3"": {""optimizer_converged"": true, ""optimizer_status"": 2, ""optimizer_message"": ""`ftol` termination condition is satisfied."", ""nfev"": 101}, ""4"": {""optimizer_converged"": true, ""optimizer_status"": 2, ""optimizer_message"": ""`ftol` termination condition is satisfied."", ""nfev"": 429}}",2.0,4.0,0.029515167207152623,2434.6112072347937,0.09693349416424717,0.2793649013079369,0.3258454440700579,0.22142586492929617,9.530389517198586,11.938760631352679,0.2017270626759539,47.89445026843332,55.98709770650234,overlapping_components,"[[0.09693349416424717, 0.3258454440700579, 0.5766168789972229, 9.512930007331295], [0.2793649013079369, 0.11700628578853443, 0.04710348969264331, 2.4079104395202493]]",,265.1326424329552
unconditional_vae_z8_fold3_seed42,subject02,0,2,2,go_to_arrival,0.0016153379110619426,0.39624378085136414,67.81986367969606,67.81986367969606,0.797979797979798,13.16072642122122,13.055307918506934,1.0080747618801735,0.412941746875799,1.0,1.0,0.2854274978033085,13.05054275004629,0.0,generated,3,8,42,unconditional_vae_z8_fold3_seed42-subject02-0,unconditional_vae_z8_fold3_seed42-subject02-0,True,True,True,True,True,"{""1"": {""optimizer_converged"": true, ""optimizer_status"": 2, ""optimizer_message"": ""`ftol` termination condition is satisfied."", ""nfev"": 27}, ""2"": {""optimizer_converged"": true, ""optimizer_status"": 2, ""optimizer_message"": ""`ftol` termination condition is satisfied."", ""nfev"": 29}, ""3"": {""optimizer_converged"": true, ""optimizer_status"": 2, ""optimizer_message"": ""`ftol` termination condition is satisfied."", ""nfev"": 46}, ""4"": {""optimizer_converged"": true, ""optimizer_status"": 2, ""optimizer_message"": ""`ftol` termination condition is satisfied."", ""nfev"": 391}}",2.0,4.0,0.03378224767674009,2462.7149365686005,1.1627090068701024e-13,0.21418435964555055,0.44790961957835196,0.33842575005290443,5.787456121959744,12.90668170718559,0.5515922486305934,52.74462190316847,47.81865588130496,overlapping_components,"[[1.1627090068701024e-13, 0.44790961957835196, 0.32299047666431474, 5.77843625175475], [0.21418435964555055, 0.22894188052745695, 0.39933821474906284, 7.108016736303829]]",,249.84619263244943
unconditional_vae_z8_fold3_seed42,subject02,1,1,2,go_to_arrival,0.08273941278457642,0.30458661913871765,107.47122877012707,107.47122877012707,0.8585858585858586,12.597295634940567,12.539057354171135,1.004644550154327,0.479716629441988,1.0,1.0,0.5980021509465046,12.520972594525302,0.0,generated,3,8,42,unconditional_vae_z8_fold3_seed42-subject02-1,unconditional_vae_z8_fold3_seed42-subject02-1,True,True,True,True,True,"{""1"": {""optimizer_converged"": true, ""optimizer_status"": 2, ""optimizer_message"": ""`ftol` termination condition is satisfied."", ""nfev"": 16}, ""2"": {""optimizer_converged"": true, ""optimizer_status"": 2, ""optimizer_message"": ""`ftol` termination condition is satisfied."", ""nfev"": 51}, ""3"": {""optimizer_converged"": true, ""optimizer_status"": 2, ""optimizer_message"": ""`ftol` termination condition is satisfied."", ""nfev"": 121}, ""4"": {""optimizer_converged"": true, ""optimizer_status"": 2, ""optimizer_message"": ""`ftol` termination condition is satisfied."", ""nfev"": 596}}",1.0,4.0,0.049210209691883965,4011.1692887475874,0.13011026983693422,,0.21909355702064617,0.21909355702064617,11.98565896639199,11.98565896639199,0.0,0.0,,single_component,"[[0.13011026983693422, 0.21909355702064617, 0.9092913841151639, 11.951117522534311]]",,325.03069333755764
unconditional_vae_z8_fold3_seed42,subject11,0,2,2,go_to_arrival,0.34336549043655396,0.32054099440574646,55.42172817806147,55.42172817806147,0.6161616161616161,12.968215661824248,12.944160900638263,1.0018583484376187,0.2646544306177522,1.0,1.0,1.313872732305604,12.854698666514055,0.0,generated,3,8,42,unconditional_vae_z8_fold3_seed42-subject11-0,unconditional_vae_z8_fold3_seed42-subject11-0,True,True,True,True,True,"{""1"": {""optimizer_converged"": true, ""optimizer_status"": 2, ""optimizer_message"": ""`ftol` termination condition is satisfied."", ""nfev"": 10}, ""2"": {""optimizer_converged"": true, ""optimizer_status"": 2, ""optimizer_message"": ""`ftol` termination condition is satisfied."", ""nfev"": 23}, ""3"": {""optimizer_converged"": true, ""optimizer_status"": 2, ""optimizer_message"": ""`ftol` termination condition is satisfied."", ""nfev"": 35}, ""4"": {""optimizer_converged"": true, ""optimizer_status"": 2, ""optimizer_message"": ""`ftol` termination condition is satisfied."", ""nfev"": 119}}",1.0,4.0,0.04845087341650606,3200.6784554693695,9.490209689624298e-17,,0.39099527158326586,0.39099527158326586,12.298541226016969,12.298541226016969,0.0,0.0,,single_component,"[[9.490209689624298e-17, 0.39099527158326586, 1.005579210021585, 12.257362144458789]]",,308.8528510480755
unconditional_vae_z8_fold3_seed42,subject11,1,1,2,go_to_arrival,0.26005181670188904,0.22309722006320953,99.28053992196301,99.28053992196301,0.7474747474747475,12.784448501742169,12.780648109781556,1.0002973551832404,0.12542777505238079,1.0,1.0,1.1714385987169593,12.690100682190854,0.0,generated,3,8,42,unconditional_vae_z8_fold3_seed42-subject11-1,unconditional_vae_z8_fold3_seed42-subject11-1,True,True,True,True,True,"{""1"": {""optimizer_converged"": true, ""optimizer_status"": 2, ""optimizer_message"": ""`ftol` termination condition is satisfied."", ""nfev"": 12}, ""2"": {""optimizer_converged"": true, ""optimizer_status"": 2, ""optimizer_message"": ""`ftol` termination condition is satisfied."", ""nfev"": 33}, ""3"": {""optimizer_converged"": true, ""optimizer_status"": 2, ""optimizer_message"": ""`ftol` termination condition is satisfied."", ""nfev"": 78}, ""4"": {""optimizer_converged"": true, ""optimizer_status"": 2, ""optimizer_message"": ""`ftol` termination condition is satisfied."", ""nfev"": 183}}",1.0,4.0,0.02821364382581765,4281.127296927169,0.017325596027714375,,0.24812740989955115,0.24812740989955115,12.627256744706512,12.627256744706512,0.0,0.0,,single_component,"[[0.017325596027714375, 0.24812740989955115, 1.2167666297936617, 12.56849600649802]]",,443.75272794502143
unconditional_vae_z8_fold3_seed42,subject22,0,3,1,go_to_arrival,0.02043445222079754,0.3977881371974945,52.66388984663945,52.66388984663945,0.696969696969697,13.63665757778381,13.608148476492541,1.0020950022216848,0.33131699479448423,1.0,1.0,-0.8516964440379687,13.584394538987338,0.0,generated,3,8,42,unconditional_vae_z8_fold3_seed42-subject22-0,unconditional_vae_z8_fold3_seed42-subject22-0,True,True,True,True,True,"{""1"": {""optimizer_converged"": true, ""optimizer_status"": 2, ""optimizer_message"": ""`ftol` termination condition is satisfied."", ""nfev"": 10}, ""2"": {""optimizer_converged"": true, ""optimizer_status"": 2, ""optimizer_message"": ""`ftol` termination condition is satisfied."", ""nfev"": 34}, ""3"": {""optimizer_converged"": true, ""optimizer_status"": 2, ""optimizer_message"": ""`ftol` termination condition is satisfied."", ""nfev"": 43}, ""4"": {""optimizer_converged"": true, ""optimizer_status"": 2, ""optimizer_message"": ""`ftol` termination condition is satisfied."", ""nfev"": 98}}",1.0,4.0,0.017092668552593393,1623.889202275254,0.012058857993818534,,0.46398079642473505,0.46398079642473505,13.5749793132119,13.5749793132119,0.0,0.0,,single_component,"[[0.012058857993818534, 0.46398079642473505, -0.6869600647066513, 13.557586408488396]]",,248.87620002315032
unconditional_vae_z8_fold3_seed42,subject22,1,3,1,go_to_arrival,0.12976261973381042,0.3366837501525879,64.62325059613974,64.62325059613974,0.6868686868686869,13.603026582387457,13.54853786070352,1.0040217418472865,0.490438103562871,1.0,1.0,-1.3756810121671688,13.476178970559094,0.0,generated,3,8,42,unconditional_vae_z8_fold3_seed42-subject22-1,unconditional_vae_z8_fold3_seed42-subject22-1,True,True,True,True,True,"{""1"": {""optimizer_converged"": true, ""optimizer_status"": 2, ""optimizer_message"": ""`ftol` termination condition is satisfied."", ""nfev"": 13}, ""2"": {""optimizer_converged"": true, ""optimizer_status"": 2, ""optimizer_message"": ""`ftol` termination condition is satisfied."", ""nfev"": 55}, ""3"": {""optimizer_converged"": true, ""optimizer_status"": 2, ""optimizer_message"": ""`ftol` termination condition is satisfied."", ""nfev"": 62}, ""4"": {""optimizer_converged"": true, ""optimizer_status"": 2, ""optimizer_message"": ""`ftol` termination condition is satisfied."", ""nfev"": 116}}",1.0,4.0,0.03743608230539425,3026.7099518438663,0.043337960865714543,,0.3644166020491739,0.3644166020491739,13.312213621995648,13.312213621995648,0.0,0.0,,single_component,"[[0.043337960865714543, 0.3644166020491739, -1.2221016893750911, 13.255998603593508]]",,294.04448523319695
unconditional_vae_z8_fold3_seed42,subject30,0,2,2,go_to_arrival,0.042988475412130356,0.3830249309539795,68.6352655703995,68.6352655703995,0.7070707070707071,14.370075989761412,14.335571871548675,1.0024068881605774,0.13560984090457653,1.0,1.0,-1.2832791181589385,14.276522824766133,0.0,generated,3,8,42,unconditional_vae_z8_fold3_seed42-subject30-0,unconditional_vae_z8_fold3_seed42-subject30-0,True,True,True,True,True,"{""1"": {""optimizer_converged"": true, ""optimizer_status"": 2, ""optimizer_message"": ""`ftol` termination condition is satisfied."", ""nfev"": 12}, ""2"": {""optimizer_converged"": true, ""optimizer_status"": 2, ""optimizer_message"": ""`ftol` termination condition is satisfied."", ""nfev"": 194}, ""3"": {""optimizer_converged"": true, ""optimizer_status"": 2, ""optimizer_message"": ""`ftol` termination condition is satisfied."", ""nfev"": 82}, ""4"": {""optimizer_converged"": true, ""optimizer_status"": 2, ""optimizer_message"": ""`ftol` termination condition is satisfied."", ""nfev"": 109}}",1.0,4.0,0.029441376940856533,2550.490706781988,0.08636454648921699,,0.36445680739950065,0.36445680739950065,13.852520056095283,13.852520056095283,0.0,0.0,,single_component,"[[0.08636454648921699, 0.36445680739950065, -1.2173510807066519, 13.798926344133605]]",,258.4688149500505
unconditional_vae_z8_fold3_seed42,subject30,1,1,2,go_to_arrival,0.0555974505841732,0.29347509145736694,135.93540693900079,135.93540693900079,0.8282828282828283,14.469910126971016,14.033472790863692,1.0310997386471195,1.17339600962879,1.0,1.0,0.7596631312351012,14.011995463161323,0.0,generated,3,8,42,unconditional_vae_z8_fold3_seed42-subject30-1,unconditional_vae_z8_fold3_seed42-subject30-1,True,True,True,False,False,"{""1"": {""optimizer_converged"": true, ""optimizer_status"": 2, ""optimizer_message"": ""`ftol` termination condition is satisfied."", ""nfev"": 14}, ""2"": {""optimizer_converged"": true, ""optimizer_status"": 2, ""optimizer_message"": ""`ftol` termination condition is satisfied."", ""nfev"": 68}, ""3"": {""optimizer_converged"": true, ""optimizer_status"": 2, ""optimizer_message"": ""`ftol` termination condition is satisfied."", ""nfev"": 69}, ""4"": {""optimizer_converged"": false, ""optimizer_status"": 0, ""optimizer_message"": ""The maximum number of function evaluations is exceeded."", ""nfev"": 700}}",1.0,4.0,0.02845675569953074,3954.129359212913,0.13565652638072612,,0.19150180592349006,0.19150180592349006,13.881676692695867,13.881676692695867,0.0,0.0,,single_component,"[[0.13565652638072612, 0.19150180592349006, 1.612460330006658, 13.787709000580572]]",,337.33697639679144
unconditional_vae_z8_fold3_seed42,subject33,0,2,1,go_to_arrival,0.19055956602096558,0.2941645383834839,80.72061646335526,80.72061646335526,0.8181818181818182,14.081880488049519,13.857760312922903,1.0161729002425894,1.063917863843479,1.0,1.0,2.2668602671437013,13.656738447007216,0.0,generated,3,8,42,unconditional_vae_z8_fold3_seed42-subject33-0,unconditional_vae_z8_fold3_seed42-subject33-0,True,True,True,True,True,"{""1"": {""optimizer_converged"": true, ""optimizer_status"": 2, ""optimizer_message"": ""`ftol` termination condition is satisfied."", ""nfev"": 16}, ""2"": {""optimizer_converged"": true, ""optimizer_status"": 2, ""optimizer_message"": ""`ftol` termination condition is satisfied."", ""nfev"": 46}, ""3"": {""optimizer_converged"": true, ""optimizer_status"": 2, ""optimizer_message"": ""`ftol` termination condition is satisfied."", ""nfev"": 66}, ""4"": {""optimizer_converged"": true, ""optimizer_status"": 2, ""optimizer_message"": ""`ftol` termination condition is satisfied."", ""nfev"": 70}}",2.0,4.0,0.01571340390596007,2536.8099019367914,0.0018047417610377425,0.16690429714434904,0.33405048766582157,0.24394608977769647,10.293380931272381,14.208133309622692,0.2755289729509352,52.97243104400282,49.4235337110102,overlapping_components,"[[0.0018047417610377425, 0.33405048766582157, 0.5325361214329849, 10.27959611442254], [0.16690429714434904, 0.15384169188957136, 2.068349383209937, 3.323735400535743]]",,336.5463442467695
unconditional_vae_z8_fold3_seed42,subject33,1,2,2,go_to_arrival,0.4060194194316864,0.16984200477600098,106.42740592851494,106.42740592851494,0.6161616161616161,12.920002301144365,12.886466369811703,1.0026024148412962,0.3894089254279382,1.0,1.0,1.2657980856697735,12.723503168424985,0.0,generated,3,8,42,unconditional_vae_z8_fold3_seed42-subject33-1,unconditional_vae_z8_fold3_seed42-subject33-1,True,True,True,True,True,"{""1"": {""optimizer_converged"": true, ""optimizer_status"": 1, ""optimizer_message"": ""`gtol` termination condition is satisfied."", ""nfev"": 10}, ""2"": {""optimizer_converged"": true, ""optimizer_status"": 2, ""optimizer_message"": ""`ftol` termination condition is satisfied."", ""nfev"": 20}, ""3"": {""optimizer_converged"": true, ""optimizer_status"": 2, ""optimizer_message"": ""`ftol` termination condition is satisfied."", ""nfev"": 23}}",2.0,2.0,0.04388481045039138,6622.250689240178,9.648688214405303e-27,0.05000000000000126,0.10000000000000002,0.11268071907257274,4.741525088152797,12.016781375338955,0.6054247023347337,28.51253988839538,50.00000000000125,overlapping_components,"[[9.648688214405303e-27, 0.10000000000000002, 0.1812895184201862, 4.738058069725757], [0.05000000000000126, 0.12536143814514547, 1.1475454242075287, 7.184183568341088]]",,582.8946739681261
unconditional_vae_z8_fold3_seed42,subject37,0,1,1,go_to_arrival,0.13214628398418427,0.3226947486400604,69.34481456129433,69.34481456129433,0.8282828282828283,14.265861791768325,14.111632281939757,1.0109292466489475,0.9057083720322706,1.0,1.0,-0.3369609925045359,14.101681992438003,0.0,generated,3,8,42,unconditional_vae_z8_fold3_seed42-subject37-0,unconditional_vae_z8_fold3_seed42-subject37-0,True,True,True,True,True,"{""1"": {""optimizer_converged"": true, ""optimizer_status"": 2, ""optimizer_message"": ""`ftol` termination condition is satisfied."", ""nfev"": 10}, ""2"": {""optimizer_converged"": true, ""optimizer_status"": 2, ""optimizer_message"": ""`ftol` termination condition is satisfied."", ""nfev"": 38}, ""3"": {""optimizer_converged"": true, ""optimizer_status"": 2, ""optimizer_message"": ""`ftol` termination condition is satisfied."", ""nfev"": 70}, ""4"": {""optimizer_converged"": true, ""optimizer_status"": 2, ""optimizer_message"": ""`ftol` termination condition is satisfied."", ""nfev"": 141}}",1.0,4.0,0.04332057391191102,3435.788593747631,0.02488517431781818,,0.37095482410492175,0.37095482410492175,14.150190462431553,14.150190462431553,0.0,0.0,,single_component,"[[0.02488517431781818, 0.37095482410492175, 0.00368179078467805, 14.150189983442113]]",,306.7914814765901
unconditional_vae_z8_fold3_seed42,subject37,1,2,2,go_to_arrival,0.029866302385926247,0.3797374665737152,90.4637067309116,90.4637067309116,0.8888888888888888,14.223586482077401,13.997676025193908,1.016139140274206,0.7992878695928789,1.0,1.0,-0.4086641407429344,13.992670510728221,0.0,generated,3,8,42,unconditional_vae_z8_fold3_seed42-subject37-1,unconditional_vae_z8_fold3_seed42-subject37-1,True,True,True,True,True,"{""1"": {""optimizer_converged"": true, ""optimizer_status"": 2, ""optimizer_message"": ""`ftol` termination condition is satisfied."", ""nfev"": 16}, ""2"": {""optimizer_converged"": true, ""optimizer_status"": 2, ""optimizer_message"": ""`ftol` termination condition is satisfied."", ""nfev"": 72}, ""3"": {""optimizer_converged"": true, ""optimizer_status"": 2, ""optimizer_message"": ""`ftol` termination condition is satisfied."", ""nfev"": 89}, ""4"": {""optimizer_converged"": true, ""optimizer_status"": 2, ""optimizer_message"": ""`ftol` termination condition is satisfied."", ""nfev"": 95}}",2.0,4.0,0.026099848767521944,2705.557427054152,0.1560607933433201,0.2965410798009127,0.25924645794270373,0.18215489199770887,10.553838704582661,13.378647072403913,0.211143051500923,48.368666678358814,54.18792895856663,overlapping_components,"[[0.1560607933433201, 0.25924645794270373, -1.0152087531378262, 10.504897076597151], [0.2965410798009127, 0.105063326052714, 0.8936304206485312, 2.6797326333432028]]",,260.7064319811645
unconditional_vae_z8_fold3_seed42,subject40,0,3,1,go_to_arrival,0.07978661358356476,0.33635327219963074,65.57941343005146,65.57941343005146,0.6262626262626263,13.609122713187,13.596127293729188,1.0009558177249345,0.1377115859443637,1.0,1.0,0.13314696034500892,13.593693186845623,0.0,generated,3,8,42,unconditional_vae_z8_fold3_seed42-subject40-0,unconditional_vae_z8_fold3_seed42-subject40-0,True,True,True,True,True,"{""1"": {""optimizer_converged"": true, ""optimizer_status"": 2, ""optimizer_message"": ""`ftol` termination condition is satisfied."", ""nfev"": 11}, ""2"": {""optimizer_converged"": true, ""optimizer_status"": 2, ""optimizer_message"": ""`ftol` termination condition is satisfied."", ""nfev"": 41}, ""3"": {""optimizer_converged"": true, ""optimizer_status"": 2, ""optimizer_message"": ""`ftol` termination condition is satisfied."", ""nfev"": 53}, ""4"": {""optimizer_converged"": true, ""optimizer_status"": 2, ""optimizer_message"": ""`ftol` termination condition is satisfied."", ""nfev"": 110}}",1.0,4.0,0.021649822973868492,2409.4906232996836,0.03807304708393541,,0.3616923134272639,0.3616923134272639,13.376829067037114,13.376829067037114,0.0,0.0,,single_component,"[[0.03807304708393541, 0.3616923134272639, 0.2074059580001664, 13.375221069474518]]",,294.3333934365354
unconditional_vae_z8_fold3_seed42,subject40,1,3,1,go_to_arrival,0.225357785820961,0.25920963287353516,79.09187927482253,79.09187927482253,0.7676767676767676,13.529058161110356,13.49386657249613,1.0026079692151364,0.38665564273162356,1.0,1.0,-0.5704479596169435,13.457872988661626,0.0,generated,3,8,42,unconditional_vae_z8_fold3_seed42-subject40-1,unconditional_vae_z8_fold3_seed42-subject40-1,True,True,True,True,True,"{""1"": {""optimizer_converged"": true, ""optimizer_status"": 2, ""optimizer_message"": ""`ftol` termination condition is satisfied."", ""nfev"": 14}, ""2"": {""optimizer_converged"": true, ""optimizer_status"": 2, ""optimizer_message"": ""`ftol` termination condition is satisfied."", ""nfev"": 24}, ""3"": {""optimizer_converged"": true, ""optimizer_status"": 2, ""optimizer_message"": ""`ftol` termination condition is satisfied."", ""nfev"": 63}, ""4"": {""optimizer_converged"": true, ""optimizer_status"": 2, ""optimizer_message"": ""`ftol` termination condition is satisfied."", ""nfev"": 121}}",1.0,4.0,0.031207178784074592,3741.1340666504216,0.0011586308336682843,,0.3154009336513356,0.3154009336513356,13.432358795514453,13.432358795514453,0.0,0.0,,single_component,"[[0.0011586308336682843, 0.3154009336513356, -0.41039229569928637, 13.42608807415865]]",,381.9302504405797
