geometry,latent_dim,metric,model_a,model_b,n,mean_a,mean_b,mean_b_minus_a,a_better_n,p,q_bh_80,p_holm_80
raw_rms,3,energy,spline_pca,cvae,28,0.10677232346757393,0.102367934078739,-0.004404389388834932,11,0.1637990102171898,0.20474876277148724,1.0
raw_rms,3,energy,spline_pca,conditional_ae,28,0.10677232346757393,0.1271810682110995,0.02040874474352556,20,0.020409412682056427,0.029686418446627533,0.5306447297334671
raw_rms,3,energy,spline_pca,unconditional_vae,28,0.10677232346757393,0.10047847374380793,-0.006293849723765991,10,0.04774715006351471,0.06474189839120638,1.0
raw_rms,3,energy,spline_pca,condition_ridge,28,0.10677232346757393,0.25201391027632275,0.1452415868087488,22,2.380460500717163e-05,5.289912223815918e-05,0.0011188164353370667
raw_rms,3,energy,cvae,conditional_ae,28,0.102367934078739,0.1271810682110995,0.024813134132360495,24,0.0001353248953819275,0.0002405775917900933,0.005007021129131317
raw_rms,3,energy,cvae,unconditional_vae,28,0.102367934078739,0.10047847374380793,-0.0018894603349310596,15,0.7792982533574104,0.809660522968738,1.0
raw_rms,3,energy,cvae,condition_ridge,28,0.102367934078739,0.25201391027632275,0.14964597619758374,23,4.2110681533813477e-05,8.63808851975661e-05,0.001768648624420166
raw_rms,3,energy,conditional_ae,unconditional_vae,28,0.1271810682110995,0.10047847374380793,-0.026702594467291556,4,6.318092346191406e-05,0.00012034461611793155,0.0025904178619384766
raw_rms,3,energy,conditional_ae,condition_ridge,28,0.1271810682110995,0.25201391027632275,0.12483284206522323,20,0.0007921457290649414,0.0013202428817749023,0.026140809059143066
raw_rms,3,energy,unconditional_vae,condition_ridge,28,0.10047847374380793,0.25201391027632275,0.1515354365325148,23,7.204711437225342e-05,0.00013404114301814588,0.00273779034614563
raw_rms,3,mmd2,spline_pca,cvae,28,0.07768408992209597,0.057767534203794595,-0.019916555718301372,7,0.0011721327900886536,0.0018386396707272996,0.03633611649274826
raw_rms,3,mmd2,spline_pca,conditional_ae,28,0.07768408992209597,0.08183114097386843,0.004147051051772457,17,0.6618045940995216,0.7059249003728231,1.0
raw_rms,3,mmd2,spline_pca,unconditional_vae,28,0.07768408992209597,0.05718575448265258,-0.020498335439443398,6,0.0011721327900886536,0.0018386396707272996,0.03633611649274826
raw_rms,3,mmd2,spline_pca,condition_ridge,28,0.07768408992209597,0.10901004375576753,0.03132595383367156,17,0.08145394921302795,0.1086052656173706,1.0
raw_rms,3,mmd2,cvae,conditional_ae,28,0.057767534203794595,0.08183114097386843,0.024063606770073832,25,2.2873282432556152e-06,7.624427477518718e-06,0.00013037770986557007
raw_rms,3,mmd2,cvae,unconditional_vae,28,0.057767534203794595,0.05718575448265258,-0.0005817797211420227,13,0.831373319029808,0.8526905836203159,1.0
raw_rms,3,mmd2,cvae,condition_ridge,28,0.057767534203794595,0.10901004375576753,0.051242509551972945,21,0.003738619387149811,0.005643199074943111,0.10841996222734451
raw_rms,3,mmd2,conditional_ae,unconditional_vae,28,0.08183114097386843,0.05718575448265258,-0.024645386491215854,5,1.765042543411255e-05,4.278891014330315e-05,0.0008648708462715149
raw_rms,3,mmd2,conditional_ae,condition_ridge,28,0.08183114097386843,0.10901004375576753,0.027178902781899106,16,0.21827305853366852,0.26062454750288777,1.0
raw_rms,3,mmd2,unconditional_vae,condition_ridge,28,0.05718575448265258,0.10901004375576753,0.05182428927311496,21,0.003738619387149811,0.005643199074943111,0.10841996222734451
raw_rms,8,energy,spline_pca,cvae,28,0.0981129898006847,0.05492427970481687,-0.043188710095867826,2,1.043081283569336e-07,1.1920928955078125e-06,7.718801498413086e-06
raw_rms,8,energy,spline_pca,conditional_ae,28,0.0981129898006847,0.09469778053661006,-0.0034152092640746512,13,0.43800119310617447,0.4935224711055487,1.0
raw_rms,8,energy,spline_pca,unconditional_vae,28,0.0981129898006847,0.0547684999643447,-0.04334448983634,3,3.203749656677246e-07,1.971538250262921e-06,2.2105872631072998e-05
raw_rms,8,energy,spline_pca,condition_ridge,28,0.0981129898006847,0.25201391027632275,0.15390092047563805,24,3.993511199951172e-06,1.1832625777633101e-05,0.00021964311599731445
raw_rms,8,energy,cvae,conditional_ae,28,0.05492427970481687,0.09469778053661006,0.03977350083179317,25,4.0978193283081055e-07,2.3416110447474888e-06,2.7455389499664307e-05
raw_rms,8,energy,cvae,unconditional_vae,28,0.05492427970481687,0.0547684999643447,-0.0001557797404721615,16,0.6136380508542061,0.6724800557306367,1.0
raw_rms,8,energy,cvae,condition_ridge,28,0.05492427970481687,0.25201391027632275,0.19708963057150589,25,1.4156103134155273e-07,1.2583202785915798e-06,1.033395528793335e-05
raw_rms,8,energy,conditional_ae,unconditional_vae,28,0.09469778053661006,0.0547684999643447,-0.039929280572265344,3,2.7641654014587402e-06,8.845329284667969e-06,0.00015479326248168945
raw_rms,8,energy,conditional_ae,condition_ridge,28,0.09469778053661006,0.25201391027632275,0.15731612973971273,23,1.5139579772949219e-05,3.906988328503024e-05,0.0007569789886474609
raw_rms,8,energy,unconditional_vae,condition_ridge,28,0.0547684999643447,0.25201391027632275,0.197245410311978,27,5.21540641784668e-08,8.344650268554688e-07,4.06801700592041e-06
raw_rms,8,mmd2,spline_pca,cvae,28,0.07046444694480816,0.02441897626638523,-0.04604547067842293,2,1.4156103134155273e-07,1.2583202785915798e-06,1.033395528793335e-05
raw_rms,8,mmd2,spline_pca,conditional_ae,28,0.07046444694480816,0.06519906550810022,-0.005265381436707926,10,0.156909741461277,0.19925046534765334,1.0
raw_rms,8,mmd2,spline_pca,unconditional_vae,28,0.07046444694480816,0.023808035726147266,-0.0466564112186609,2,5.21540641784668e-08,8.344650268554688e-07,4.06801700592041e-06
raw_rms,8,mmd2,spline_pca,condition_ridge,28,0.07046444694480816,0.10901004375576753,0.03854559681095937,19,0.028050199151039124,0.04007171307291303,0.7012549787759781
raw_rms,8,mmd2,cvae,conditional_ae,28,0.02441897626638523,0.06519906550810022,0.040780089241714994,25,3.203749656677246e-07,1.971538250262921e-06,2.2105872631072998e-05
raw_rms,8,mmd2,cvae,unconditional_vae,28,0.02441897626638523,0.023808035726147266,-0.0006109405402379616,13,1.0,1.0,1.0
raw_rms,8,mmd2,cvae,condition_ridge,28,0.02441897626638523,0.10901004375576753,0.08459106748938232,26,1.5422701835632324e-06,5.608255212957209e-06,9.253621101379395e-05
raw_rms,8,mmd2,conditional_ae,unconditional_vae,28,0.06519906550810022,0.023808035726147266,-0.041391029781952964,3,8.195638656616211e-07,3.642506069607205e-06,5.163252353668213e-05
raw_rms,8,mmd2,conditional_ae,condition_ridge,28,0.06519906550810022,0.10901004375576753,0.04381097824766729,17,0.03170907497406006,0.04450396487587376,0.7610177993774414
raw_rms,8,mmd2,unconditional_vae,condition_ridge,28,0.023808035726147266,0.10901004375576753,0.08520200802962026,25,2.4586915969848633e-07,1.7881393432617188e-06,1.7210841178894043e-05
axis_balanced,3,energy,spline_pca,cvae,28,0.12300580756019673,0.11090015200462179,-0.012105655555574928,11,0.33856552094221115,0.3869320239339556,1.0
axis_balanced,3,energy,spline_pca,conditional_ae,28,0.12300580756019673,0.1276760770251048,0.004670269464908061,17,0.22697687149047852,0.26703161351821003,1.0
axis_balanced,3,energy,spline_pca,unconditional_vae,28,0.12300580756019673,0.10917522717511847,-0.013830580385078272,10,0.17823376506567,0.2193646339269785,1.0
axis_balanced,3,energy,spline_pca,condition_ridge,28,0.12300580756019673,0.24876983325607133,0.12576402569587455,25,5.21540641784668e-07,2.781550089518229e-06,3.4421682357788086e-05
axis_balanced,3,energy,cvae,conditional_ae,28,0.11090015200462179,0.1276760770251048,0.01677592502048299,22,0.0009657368063926697,0.0015767131532941547,0.03090357780456543
axis_balanced,3,energy,cvae,unconditional_vae,28,0.11090015200462179,0.10917522717511847,-0.001724924829503342,12,0.6295278295874596,0.6805706265810374,1.0
axis_balanced,3,energy,cvae,condition_ridge,28,0.11090015200462179,0.24876983325607133,0.13786968125144947,24,6.556510925292969e-07,3.0854169060202206e-06,4.26173210144043e-05
axis_balanced,3,energy,conditional_ae,unconditional_vae,28,0.1276760770251048,0.10917522717511847,-0.018500849849986335,6,0.0003418475389480591,0.0005945174590401027,0.011964663863182068
axis_balanced,3,energy,conditional_ae,condition_ridge,28,0.1276760770251048,0.24876983325607133,0.12109375623096649,24,1.2949109077453613e-05,3.45309575398763e-05,0.0006604045629501343
axis_balanced,3,energy,unconditional_vae,condition_ridge,28,0.10917522717511847,0.24876983325607133,0.1395946060809528,25,1.0207295417785645e-06,4.297808596962377e-06,6.3285231590271e-05
axis_balanced,3,mmd2,spline_pca,cvae,28,0.07304140963760311,0.061025246979343264,-0.012016162658259843,12,0.11451615393161774,0.14776277926660353,1.0
axis_balanced,3,mmd2,spline_pca,conditional_ae,28,0.07304140963760311,0.07862209308864491,0.005580683451041813,19,0.1935620754957199,0.23462069757056958,1.0
axis_balanced,3,mmd2,spline_pca,unconditional_vae,28,0.07304140963760311,0.0608032919451497,-0.012238117692453416,9,0.0451183095574379,0.062232151113707446,1.0
axis_balanced,3,mmd2,spline_pca,condition_ridge,28,0.07304140963760311,0.11598824402904931,0.04294683439144621,21,0.0003814026713371277,0.0006491960363185152,0.012967690825462341
axis_balanced,3,mmd2,cvae,conditional_ae,28,0.061025246979343264,0.07862209308864491,0.017596846109301657,26,1.8849968910217285e-06,6.556510925292969e-06,0.00010932981967926025
axis_balanced,3,mmd2,cvae,unconditional_vae,28,0.061025246979343264,0.0608032919451497,-0.00022195503419357023,13,0.973184622824192,0.9855034155181692,1.0
axis_balanced,3,mmd2,cvae,condition_ridge,28,0.061025246979343264,0.11598824402904931,0.054962997049706065,23,6.318092346191406e-05,0.00012034461611793155,0.0025904178619384766
axis_balanced,3,mmd2,conditional_ae,unconditional_vae,28,0.07862209308864491,0.0608032919451497,-0.01781880114349523,6,2.380460500717163e-05,5.289912223815918e-05,0.0011188164353370667
axis_balanced,3,mmd2,conditional_ae,condition_ridge,28,0.07862209308864491,0.11598824402904931,0.0373661509404044,17,0.006060026586055756,0.008977817164527046,0.1636207178235054
axis_balanced,3,mmd2,unconditional_vae,condition_ridge,28,0.0608032919451497,0.11598824402904931,0.05518495208389961,22,0.0001353248953819275,0.0002405775917900933,0.005007021129131317
axis_balanced,8,energy,spline_pca,cvae,28,0.09116703582478507,0.05943498316316459,-0.031732052661620484,5,6.318092346191406e-05,0.00012034461611793155,0.0025904178619384766
axis_balanced,8,energy,spline_pca,conditional_ae,28,0.09116703582478507,0.08656175708674531,-0.004605278738039768,15,0.5369088649749756,0.5965654055277507,1.0
axis_balanced,8,energy,spline_pca,unconditional_vae,28,0.09116703582478507,0.056852120392423176,-0.03431491543236188,3,4.76837158203125e-06,1.3623918805803572e-05,0.00025272369384765625
axis_balanced,8,energy,spline_pca,condition_ridge,28,0.09116703582478507,0.24876983325607133,0.15760279743128622,26,5.21540641784668e-08,8.344650268554688e-07,4.06801700592041e-06
axis_balanced,8,energy,cvae,conditional_ae,28,0.05943498316316459,0.08656175708674531,0.02712677392358071,21,1.765042543411255e-05,4.278891014330315e-05,0.0008648708462715149
axis_balanced,8,energy,cvae,unconditional_vae,28,0.05943498316316459,0.056852120392423176,-0.002582862770741395,12,0.2450956031680107,0.2841688152672588,1.0
axis_balanced,8,energy,cvae,condition_ridge,28,0.05943498316316459,0.24876983325607133,0.18933485009290676,26,3.725290298461914e-08,8.344650268554688e-07,2.942979335784912e-06
axis_balanced,8,energy,conditional_ae,unconditional_vae,28,0.08656175708674531,0.056852120392423176,-0.02970963669432211,5,7.964670658111572e-06,2.1971505263756063e-05,0.00041416287422180176
axis_balanced,8,energy,conditional_ae,condition_ridge,28,0.08656175708674531,0.24876983325607133,0.16220807616932603,25,1.862645149230957e-07,1.4901161193847656e-06,1.3224780559539795e-05
axis_balanced,8,energy,unconditional_vae,condition_ridge,28,0.056852120392423176,0.24876983325607133,0.19191771286364814,27,1.4901161193847656e-08,8.344650268554688e-07,1.1920928955078125e-06
axis_balanced,8,mmd2,spline_pca,cvae,28,0.054454164748046055,0.027013203138606966,-0.02744096160943909,5,2.380460500717163e-05,5.289912223815918e-05,0.0011188164353370667
axis_balanced,8,mmd2,spline_pca,conditional_ae,28,0.054454164748046055,0.053059600065052843,-0.001394564682993208,15,0.7621389999985695,0.8022515789458625,1.0
axis_balanced,8,mmd2,spline_pca,unconditional_vae,28,0.054454164748046055,0.024336465362999955,-0.030117699385046104,3,1.5422701835632324e-06,5.608255212957209e-06,9.253621101379395e-05
axis_balanced,8,mmd2,spline_pca,condition_ridge,28,0.054454164748046055,0.11598824402904931,0.061534079281003275,20,3.663450479507446e-05,7.712527325278833e-05,0.001575283706188202
axis_balanced,8,mmd2,cvae,conditional_ae,28,0.027013203138606966,0.053059600065052843,0.02604639692644588,23,3.993511199951172e-06,1.1832625777633101e-05,0.00021964311599731445
axis_balanced,8,mmd2,cvae,unconditional_vae,28,0.027013203138606966,0.024336465362999955,-0.0026767377756070137,11,0.10417398810386658,0.13662162374277584,1.0
axis_balanced,8,mmd2,cvae,condition_ridge,28,0.027013203138606966,0.11598824402904931,0.08897504089044236,25,6.556510925292969e-07,3.0854169060202206e-06,4.26173210144043e-05
axis_balanced,8,mmd2,conditional_ae,unconditional_vae,28,0.053059600065052843,0.024336465362999955,-0.02872313470205289,3,1.259148120880127e-06,5.036592483520508e-06,7.680803537368774e-05
axis_balanced,8,mmd2,conditional_ae,condition_ridge,28,0.053059600065052843,0.11598824402904931,0.06292864396399647,24,3.17990779876709e-05,6.875476321658573e-05,0.0013991594314575195
axis_balanced,8,mmd2,unconditional_vae,condition_ridge,28,0.024336465362999955,0.11598824402904931,0.09165177866604937,26,7.450580596923828e-08,9.934107462565105e-07,5.587935447692871e-06
