model_family,latent_dim,fold,subject,feature_view,mean_ks,energy_distance,mmd_rbf
conditional_ae,3,0,subject05,original,0.3494107744107744,0.9506280095289145,0.18786282036138877
conditional_ae,3,0,subject05,reduced,0.34248971193415634,0.8449478738000974,0.20952429529041897
conditional_ae,3,0,subject13,original,0.2429292929292929,0.4338021244186798,0.07552394235608047
conditional_ae,3,0,subject13,reduced,0.2313786008230453,0.32557709104756344,0.08181818558263831
conditional_ae,3,0,subject19,original,0.23762626262626263,0.46945136590351993,0.09930837638648515
conditional_ae,3,0,subject19,reduced,0.26080246913580246,0.47350958688873535,0.11614247446782482
conditional_ae,3,0,subject24,original,0.16111111111111112,0.21898815541397454,0.03881482510015277
conditional_ae,3,0,subject24,reduced,0.16676954732510288,0.2137052234626943,0.04713822254093314
conditional_ae,3,0,subject27,original,0.2766835016835017,1.0161342357606313,0.20795659013875378
conditional_ae,3,0,subject27,reduced,0.3,1.063971571795762,0.24424545474125034
conditional_ae,3,0,subject34,original,0.3048821548821549,0.756874882749906,0.14052741554473433
conditional_ae,3,0,subject34,reduced,0.2741769547325103,0.5001584137177738,0.1169146819911634
conditional_ae,3,0,subject35,original,0.20594902513507166,0.46251316142386195,0.07943133744144097
conditional_ae,3,0,subject35,reduced,0.216817398794143,0.4771548074298151,0.09152664874634397
conditional_ae,3,1,subject08,original,0.49107744107744117,2.8846430052069394,0.5170862780388129
conditional_ae,3,1,subject08,reduced,0.489917695473251,2.78147124962562,0.5329155100995316
conditional_ae,3,1,subject18,original,0.37138047138047137,1.296886688902751,0.22961045241214093
conditional_ae,3,1,subject18,reduced,0.40432098765432095,1.3693035855599665,0.2641392574280216
conditional_ae,3,1,subject23,original,0.2767676767676768,0.5571225445957683,0.08933633738687267
conditional_ae,3,1,subject23,reduced,0.24537037037037038,0.3123882591751396,0.06662962690837944
conditional_ae,3,1,subject25,original,0.3511784511784512,1.0297981150780304,0.18342832143915774
conditional_ae,3,1,subject25,reduced,0.38117283950617287,1.0333444137246548,0.193329369441274
conditional_ae,3,1,subject26,original,0.3767676767676768,1.4672761945575667,0.21940312492708616
conditional_ae,3,1,subject26,reduced,0.33580246913580253,1.1836890914046363,0.19207437816548467
conditional_ae,3,1,subject41,original,0.39087024087024086,1.4808142738214336,0.13418493137445875
conditional_ae,3,1,subject41,reduced,0.37407407407407406,1.3529069409292511,0.1190461364740865
conditional_ae,3,1,subject43,original,0.22011784511784513,0.34870918203913526,0.06141451372719938
conditional_ae,3,1,subject43,reduced,0.21460905349794243,0.3162623686960804,0.06950112573143548
conditional_ae,3,2,subject01,original,0.22626262626262625,0.38274580255879487,0.06555259223909356
conditional_ae,3,2,subject01,reduced,0.18333333333333335,0.1939041204121441,0.034304115249623214
conditional_ae,3,2,subject04,original,0.2275252525252525,0.3278673347490728,0.06383885369065234
conditional_ae,3,2,subject04,reduced,0.19506172839506172,0.21683024315193014,0.04881664455812559
conditional_ae,3,2,subject10,original,0.27988215488215484,0.6121915212986536,0.12004584913941485
conditional_ae,3,2,subject10,reduced,0.2552469135802469,0.41747862185224544,0.10046575416407318
conditional_ae,3,2,subject12,original,0.2644781144781145,0.7306421488814077,0.13648865120624928
conditional_ae,3,2,subject12,reduced,0.24866255144032923,0.6059574565993279,0.13449681041669617
conditional_ae,3,2,subject15,original,0.20557825445465894,0.34626857545892803,0.06870284360889156
conditional_ae,3,2,subject15,reduced,0.20334997919267583,0.2867391736708442,0.06878467959099843
conditional_ae,3,2,subject21,original,0.40597643097643105,1.1616912189139628,0.22997733361500103
conditional_ae,3,2,subject21,reduced,0.35555555555555557,0.6176328404111356,0.1367427882117088
conditional_ae,3,2,subject36,original,0.25075757575757573,0.4798500823210137,0.09236178580795236
conditional_ae,3,2,subject36,reduced,0.25524691358024687,0.4568077259328163,0.10592373555461539
conditional_ae,3,3,subject02,original,0.3575757575757576,1.164077413276208,0.2255756458421662
conditional_ae,3,3,subject02,reduced,0.358641975308642,0.9373339425206334,0.21678048169601802
conditional_ae,3,3,subject11,original,0.2291245791245791,0.8632901237323303,0.14448613298685153
conditional_ae,3,3,subject11,reduced,0.23796296296296296,0.8759828570357368,0.16554943736648528
conditional_ae,3,3,subject22,original,0.2275252525252525,0.35683538258471836,0.06321386450913964
conditional_ae,3,3,subject22,reduced,0.23713991769547324,0.35858992664433914,0.07474157488538043
conditional_ae,3,3,subject30,original,0.2644781144781145,0.5286886147509744,0.10375538735857733
conditional_ae,3,3,subject30,reduced,0.2737654320987654,0.538626629471686,0.12504867790703902
conditional_ae,3,3,subject33,original,0.2480257116620753,0.34409726364331245,0.06154683578759953
conditional_ae,3,3,subject33,reduced,0.23737373737373738,0.2989905717078967,0.057846973307953076
conditional_ae,3,3,subject37,original,0.37104377104377106,1.3281947784176846,0.23834844462338145
conditional_ae,3,3,subject37,reduced,0.3544238683127572,1.228171655359121,0.24761966289501888
conditional_ae,3,3,subject40,original,0.2372053872053872,0.44160050498257314,0.08169746275165235
conditional_ae,3,3,subject40,reduced,0.24516460905349793,0.4415837375852987,0.091346840054092
conditional_ae,8,0,subject05,original,0.34840067340067343,0.8865722921455452,0.1972722118644543
conditional_ae,8,0,subject05,reduced,0.3490740740740741,0.8020821062291227,0.21871903689197544
conditional_ae,8,0,subject13,original,0.3272727272727273,0.8384846746446503,0.15394754646286826
conditional_ae,8,0,subject13,reduced,0.3209876543209877,0.645697567277932,0.16712708772440796
conditional_ae,8,0,subject19,original,0.31843434343434346,0.759395825157179,0.15870527849430172
conditional_ae,8,0,subject19,reduced,0.3203703703703704,0.6353869172907373,0.16774858706372422
conditional_ae,8,0,subject24,original,0.1791245791245791,0.2106683887968502,0.03965556020667301
conditional_ae,8,0,subject24,reduced,0.19310699588477365,0.2201346975742524,0.048384913756483384
conditional_ae,8,0,subject27,original,0.25117845117845117,0.6440452319273415,0.12847725401757637
conditional_ae,8,0,subject27,reduced,0.26491769547325106,0.6702920502877828,0.14953350267326182
conditional_ae,8,0,subject34,original,0.26675084175084174,0.7476061883884104,0.13687013433865233
conditional_ae,8,0,subject34,reduced,0.23878600823045262,0.4926352555063341,0.11982698082756005
conditional_ae,8,0,subject35,original,0.2162555790462767,0.4598411144814145,0.07527667259668717
conditional_ae,8,0,subject35,reduced,0.2217987367212173,0.47302344078598857,0.08367634386037115
conditional_ae,8,1,subject08,original,0.35319865319865323,1.2764864584184823,0.21823787688490345
conditional_ae,8,1,subject08,reduced,0.3469135802469136,1.2511500897455463,0.23023716133630834
conditional_ae,8,1,subject18,original,0.2301346801346801,0.5622366277822155,0.10119975142355715
conditional_ae,8,1,subject18,reduced,0.23796296296296296,0.5600365624954842,0.11851666669862064
conditional_ae,8,1,subject23,original,0.2093434343434343,0.3726372692273121,0.07579402152346677
conditional_ae,8,1,subject23,reduced,0.2236625514403292,0.3699632187328998,0.08888415589696586
conditional_ae,8,1,subject25,original,0.23131313131313133,0.43053619809747906,0.06679234074683327
conditional_ae,8,1,subject25,reduced,0.24639917695473249,0.4516348348141042,0.07732002684344448
conditional_ae,8,1,subject26,original,0.23257575757575755,0.5632105489527163,0.07095230285472003
conditional_ae,8,1,subject26,reduced,0.2343621399176955,0.5478136317367635,0.07956907283215997
conditional_ae,8,1,subject41,original,0.3171911421911422,1.045495514212505,0.05777731984908011
conditional_ae,8,1,subject41,reduced,0.342355175688509,1.0810491456535598,0.07432361252718873
conditional_ae,8,1,subject43,original,0.22037037037037036,0.3877633836149423,0.07178982696754725
conditional_ae,8,1,subject43,reduced,0.21162551440329216,0.33670926244595334,0.08376858055309507
conditional_ae,8,2,subject01,original,0.18114478114478114,0.23004109393667718,0.04250474436865533
conditional_ae,8,2,subject01,reduced,0.177880658436214,0.21357781601555192,0.045298501785112
conditional_ae,8,2,subject04,original,0.21043771043771042,0.29367072554389484,0.05991038967197696
conditional_ae,8,2,subject04,reduced,0.21265432098765433,0.2672476824584895,0.0648290435760771
conditional_ae,8,2,subject10,original,0.30328282828282827,0.6848904321911441,0.15036433752678144
conditional_ae,8,2,subject10,reduced,0.30072016460905354,0.5396066191765589,0.1351185629150673
conditional_ae,8,2,subject12,original,0.32954545454545453,1.2374148544498855,0.22858417237006856
conditional_ae,8,2,subject12,reduced,0.29259259259259257,0.8026727147009544,0.18868446969624628
conditional_ae,8,2,subject15,original,0.25798433775961865,0.451091055541849,0.09408844599413464
conditional_ae,8,2,subject15,reduced,0.23618393674573449,0.32383386190370134,0.07934671226380974
conditional_ae,8,2,subject21,original,0.306986531986532,0.5980243422336554,0.11511847054293722
conditional_ae,8,2,subject21,reduced,0.292798353909465,0.4355762597982107,0.09516724941850281
conditional_ae,8,2,subject36,original,0.19806397306397305,0.3323151714691874,0.06515472062807286
conditional_ae,8,2,subject36,reduced,0.19845679012345677,0.28307172517431517,0.06848156853225822
conditional_ae,8,3,subject02,original,0.35202020202020196,1.3364948278105582,0.25799379646171494
conditional_ae,8,3,subject02,reduced,0.30246913580246915,0.7115414123558187,0.16915945779706387
conditional_ae,8,3,subject11,original,0.269023569023569,0.808501563514854,0.15129497759727992
conditional_ae,8,3,subject11,reduced,0.26934156378600826,0.7736362465485453,0.17207264766228544
conditional_ae,8,3,subject22,original,0.2138047138047138,0.332142993933166,0.06439378883629243
conditional_ae,8,3,subject22,reduced,0.22109053497942388,0.3355341500708531,0.07414641831749887
conditional_ae,8,3,subject30,original,0.24175084175084172,0.47275735154431286,0.09294241980078459
conditional_ae,8,3,subject30,reduced,0.2504115226337449,0.4963404254095831,0.12050749338289439
conditional_ae,8,3,subject33,original,0.15397153351698806,0.18510891136313598,0.023307292834127136
conditional_ae,8,3,subject33,reduced,0.15347923681257014,0.16765032708120886,0.02823296398383705
conditional_ae,8,3,subject37,original,0.23291245791245793,0.5265655198271607,0.08872240801885294
conditional_ae,8,3,subject37,reduced,0.2522633744855967,0.5571942804170611,0.10876006731365295
conditional_ae,8,3,subject40,original,0.29074074074074074,0.6922797184842748,0.12464665691015109
conditional_ae,8,3,subject40,reduced,0.2960905349794239,0.6094184777194046,0.14253153102481744
cvae,3,0,subject05,original,0.2975589225589226,0.6919739908768414,0.13874626428473355
cvae,3,0,subject05,reduced,0.2986625514403292,0.7148102403298718,0.1734288071591488
cvae,3,0,subject13,original,0.1733164983164983,0.1766528562282829,0.02516329913114949
cvae,3,0,subject13,reduced,0.1675925925925926,0.1392313968942013,0.027443086808990696
cvae,3,0,subject19,original,0.20092592592592592,0.26960099264397214,0.05159598218255738
cvae,3,0,subject19,reduced,0.22479423868312756,0.2788894491203915,0.06298696771820793
cvae,3,0,subject24,original,0.18089225589225588,0.18193298654323176,0.025069435759728125
cvae,3,0,subject24,reduced,0.1795267489711934,0.15135832024045395,0.02610386444938184
cvae,3,0,subject27,original,0.27525252525252525,0.8258120311387728,0.16916964580301508
cvae,3,0,subject27,reduced,0.30493827160493825,0.8721304809176341,0.2011423000137947
cvae,3,0,subject34,original,0.2722222222222222,0.5910234424655023,0.10977577915259995
cvae,3,0,subject34,reduced,0.2521604938271605,0.4262040152175112,0.09216218081596328
cvae,3,0,subject35,original,0.21299624148461357,0.4062658756522904,0.06951075532839623
cvae,3,0,subject35,reduced,0.22917743324720072,0.3997201797049336,0.07678189635099957
cvae,3,1,subject08,original,0.48501683501683496,2.759441750300105,0.4969559932808079
cvae,3,1,subject08,reduced,0.4888888888888889,2.6778117537026596,0.5034694573700778
cvae,3,1,subject18,original,0.34873737373737373,1.2486652326327297,0.22482982727364118
cvae,3,1,subject18,reduced,0.3781893004115226,1.3126978755101846,0.25764960345535276
cvae,3,1,subject23,original,0.2526094276094276,0.3799633872595565,0.05990295797970139
cvae,3,1,subject23,reduced,0.2301440329218107,0.21315341780770503,0.04177692160588494
cvae,3,1,subject25,original,0.32735690235690235,0.9209715030244019,0.1650007117400963
cvae,3,1,subject25,reduced,0.36049382716049383,0.924277345831359,0.17454201989696572
cvae,3,1,subject26,original,0.37373737373737376,1.46166534806532,0.22434911986826825
cvae,3,1,subject26,reduced,0.3337448559670782,1.1449013017539595,0.19128357268541332
cvae,3,1,subject41,original,0.36344211344211336,1.4796901151854485,0.13765902627571672
cvae,3,1,subject41,reduced,0.35080721747388416,1.349365818992118,0.12142785845671444
cvae,3,1,subject43,original,0.20841750841750842,0.2844334899731605,0.048609075912320665
cvae,3,1,subject43,reduced,0.2052469135802469,0.27315681467192093,0.05407909110612604
cvae,3,2,subject01,original,0.2207070707070707,0.32164747056604986,0.056116198944530904
cvae,3,2,subject01,reduced,0.18117283950617283,0.1639421161441006,0.026819645471163334
cvae,3,2,subject04,original,0.22348484848484848,0.29593789050259406,0.055631920251700794
cvae,3,2,subject04,reduced,0.19115226337448557,0.17490238506356448,0.03520886662720827
cvae,3,2,subject10,original,0.2542087542087542,0.48890976511856604,0.09282405726285992
cvae,3,2,subject10,reduced,0.23076131687242799,0.3343909619908976,0.07386958029809414
cvae,3,2,subject12,original,0.25101010101010096,0.6554608185172716,0.1207582298398185
cvae,3,2,subject12,reduced,0.24722222222222223,0.5966925111101333,0.12974878434114087
cvae,3,2,subject15,original,0.19931335830212235,0.30196607007509985,0.05491513683755067
cvae,3,2,subject15,reduced,0.1975135247607158,0.24242700739353942,0.05058040850689919
cvae,3,2,subject21,original,0.38308080808080813,1.0905246277740164,0.21327713185189215
cvae,3,2,subject21,reduced,0.3332304526748971,0.6359610934260577,0.13710470757802737
cvae,3,2,subject36,original,0.2596801346801347,0.5417809553115087,0.1039235007879173
cvae,3,2,subject36,reduced,0.2736625514403292,0.5628306172196779,0.12513893311564558
cvae,3,3,subject02,original,0.32196969696969696,0.9319650868341971,0.17582856751235476
cvae,3,3,subject02,reduced,0.3182098765432099,0.7076779441602197,0.16298482061569727
cvae,3,3,subject11,original,0.2505892255892256,0.9132804898861854,0.16683995188727693
cvae,3,3,subject11,reduced,0.262037037037037,0.9428399316823866,0.1900716609885165
cvae,3,3,subject22,original,0.1994949494949495,0.29626983085112596,0.051987377888309316
cvae,3,3,subject22,reduced,0.19660493827160494,0.29409174993348836,0.06052214641041753
cvae,3,3,subject30,original,0.2924242424242424,0.6883274460687528,0.13429227115391265
cvae,3,3,subject30,reduced,0.29393004115226334,0.6371614924374746,0.1449824206337388
cvae,3,3,subject33,original,0.29028925619834706,0.5793372714629076,0.1081450238714442
cvae,3,3,subject33,reduced,0.27031425364758693,0.4582861503365658,0.0935407548389718
cvae,3,3,subject37,original,0.39974747474747474,1.605449159430325,0.29388307625335425
cvae,3,3,subject37,reduced,0.3791152263374486,1.4436076053901257,0.2960758751354357
cvae,3,3,subject40,original,0.2597643097643097,0.48311190839443885,0.09142130679451954
cvae,3,3,subject40,reduced,0.25349794238683127,0.43791439994714504,0.08828441544867183
cvae,8,0,subject05,original,0.24250841750841748,0.2932637795150084,0.054575039905006305
cvae,8,0,subject05,reduced,0.2374485596707819,0.2639377994104919,0.058010378321559676
cvae,8,0,subject13,original,0.1937710437710438,0.190503388080043,0.028508301174809958
cvae,8,0,subject13,reduced,0.18353909465020576,0.14008229569816036,0.026116171667171617
cvae,8,0,subject19,original,0.17592592592592593,0.1554210439422413,0.023249000761855616
cvae,8,0,subject19,reduced,0.17613168724279835,0.13515785663963906,0.02442357885985909
cvae,8,0,subject24,original,0.16321548821548823,0.14314209568468472,0.01499499563302605
cvae,8,0,subject24,reduced,0.15761316872427986,0.10607458320001628,0.01180351295142353
cvae,8,0,subject27,original,0.24183501683501682,0.4889674085354569,0.09509351703917986
cvae,8,0,subject27,reduced,0.263477366255144,0.5300700239699948,0.11752684371625377
cvae,8,0,subject34,original,0.23030303030303031,0.40888911229379854,0.07246515529523834
cvae,8,0,subject34,reduced,0.21718106995884776,0.32836270280447694,0.0663172183880184
cvae,8,0,subject35,original,0.2317477096546864,0.4865592548067008,0.08452891728902819
cvae,8,0,subject35,reduced,0.23978610393339075,0.4885558651832258,0.09399946545062617
cvae,8,1,subject08,original,0.35606060606060613,1.5849600841846339,0.28052236631672284
cvae,8,1,subject08,reduced,0.3795267489711935,1.6500827993262306,0.3087652826408987
cvae,8,1,subject18,original,0.26717171717171717,0.6274198969975157,0.10720304818521591
cvae,8,1,subject18,reduced,0.2799382716049382,0.6428583689393976,0.12380173003199195
cvae,8,1,subject23,original,0.1707070707070707,0.15971624760482403,0.022524269867554292
cvae,8,1,subject23,reduced,0.1898148148148148,0.1638454600989371,0.02882033699799839
cvae,8,1,subject25,original,0.25353535353535356,0.4500991953298474,0.06545700040289086
cvae,8,1,subject25,reduced,0.27109053497942387,0.47789785915115274,0.0763368544151718
cvae,8,1,subject26,original,0.27525252525252525,0.8836690946417375,0.12387623852405545
cvae,8,1,subject26,reduced,0.26491769547325106,0.7806795461752168,0.12055800829448333
cvae,8,1,subject41,original,0.31559829059829064,1.1062130394749434,0.061392706882724246
cvae,8,1,subject41,reduced,0.3363485280151947,1.150783034611136,0.08096118733093986
cvae,8,1,subject43,original,0.16060606060606059,0.1515987778567395,0.017967082895796776
cvae,8,1,subject43,reduced,0.15617283950617286,0.135870735540036,0.02085158739413373
cvae,8,2,subject01,original,0.14932659932659934,0.1495318118389163,0.02282654165323698
cvae,8,2,subject01,reduced,0.1463991769547325,0.13470874708804872,0.023045404747772058
cvae,8,2,subject04,original,0.16161616161616163,0.14496797112950865,0.022774232652789033
cvae,8,2,subject04,reduced,0.14835390946502058,0.11252030877700066,0.016906243541071175
cvae,8,2,subject10,original,0.20176767676767673,0.23873395482008775,0.04077108414755415
cvae,8,2,subject10,reduced,0.1993827160493827,0.18238515651749396,0.03458726811714027
cvae,8,2,subject12,original,0.23762626262626263,0.5227505815600079,0.09639372374129322
cvae,8,2,subject12,reduced,0.22633744855967078,0.4466506273418605,0.0967264789912164
cvae,8,2,subject15,original,0.20473555782544542,0.25049997964739745,0.04092438743579981
cvae,8,2,subject15,reduced,0.18254959078929114,0.13923896532401217,0.023486705255073865
cvae,8,2,subject21,original,0.2956228956228956,0.533826303401276,0.09792619212650722
cvae,8,2,subject21,reduced,0.2682098765432099,0.3412576986121101,0.06808428074907151
cvae,8,2,subject36,original,0.13956228956228955,0.11422132549788255,0.013449451858955444
cvae,8,2,subject36,reduced,0.14526748971193415,0.1165245915389616,0.017577964352326985
cvae,8,3,subject02,original,0.31262626262626264,0.9551138057137661,0.17515869838794187
cvae,8,3,subject02,reduced,0.26944444444444443,0.4802853017060606,0.10403233818451696
cvae,8,3,subject11,original,0.21363636363636362,0.6441167245979537,0.10947442929589124
cvae,8,3,subject11,reduced,0.2198559670781893,0.6746739018994887,0.13250835667476465
cvae,8,3,subject22,original,0.2029461279461279,0.3114319240202604,0.05989380618548279
cvae,8,3,subject22,reduced,0.20401234567901236,0.2993883014217557,0.06289885157354073
cvae,8,3,subject30,original,0.1606902356902357,0.181837079207359,0.02620717190459047
cvae,8,3,subject30,reduced,0.17304526748971194,0.19847116457317218,0.03674070809190274
cvae,8,3,subject33,original,0.16294765840220385,0.17201847134204185,0.02280345183348224
cvae,8,3,subject33,reduced,0.16770482603815937,0.15200387533150797,0.022847068614456473
cvae,8,3,subject37,original,0.22659932659932658,0.4273065217809083,0.06844777220492866
cvae,8,3,subject37,reduced,0.2353909465020576,0.41486527380447163,0.07768870806222701
cvae,8,3,subject40,original,0.19537037037037033,0.27585357773335284,0.040407285927545424
cvae,8,3,subject40,reduced,0.20462962962962963,0.26947774530963403,0.04853927479462735
spline_pca,3,0,subject05,original,0.3138888888888889,0.8630668029173432,0.21234349470826097
spline_pca,3,0,subject05,reduced,0.3287037037037037,0.7776482321136915,0.2209204385496074
spline_pca,3,0,subject13,original,0.21767676767676772,0.4325527808606653,0.1038775976439017
spline_pca,3,0,subject13,reduced,0.22098765432098766,0.33735595746638625,0.0929634406377331
spline_pca,3,0,subject19,original,0.23989898989898994,0.5483185388309133,0.10245916596518279
spline_pca,3,0,subject19,reduced,0.2512345679012346,0.48742766551875283,0.12761001295388907
spline_pca,3,0,subject24,original,0.19545454545454544,0.19049181401372284,0.029988777723009785
spline_pca,3,0,subject24,reduced,0.20401234567901236,0.1836585309794163,0.036082022889926124
spline_pca,3,0,subject27,original,0.380050505050505,1.3006688903498795,0.2962597576880852
spline_pca,3,0,subject27,reduced,0.3962962962962963,1.2551893421960747,0.31806206877558063
spline_pca,3,0,subject34,original,0.351010101010101,0.8498842976536811,0.19263020937331266
spline_pca,3,0,subject34,reduced,0.3462962962962963,0.688824418514669,0.17261460867995326
spline_pca,3,0,subject35,original,0.27919309372797746,0.5905657441643033,0.10736823945079321
spline_pca,3,0,subject35,reduced,0.31442721791559003,0.604243791114742,0.12716019702622694
spline_pca,3,1,subject08,original,0.5555555555555557,4.659246991509759,0.689194396596945
spline_pca,3,1,subject08,reduced,0.5685185185185184,4.697334732999321,0.6827529634993144
spline_pca,3,1,subject18,original,0.395959595959596,1.2965744581602698,0.25124039771525697
spline_pca,3,1,subject18,reduced,0.4274691358024691,1.335032281456051,0.28357578537252326
spline_pca,3,1,subject23,original,0.2866161616161616,0.5409351508233335,0.11548595402937312
spline_pca,3,1,subject23,reduced,0.26049382716049385,0.30745742697297995,0.06682700398752184
spline_pca,3,1,subject25,original,0.36287878787878786,1.050859164952818,0.1958268932146936
spline_pca,3,1,subject25,reduced,0.38858024691358023,1.0439417434848375,0.20685374827006509
spline_pca,3,1,subject26,original,0.38282828282828285,1.532559046565634,0.2387521778422136
spline_pca,3,1,subject26,reduced,0.34413580246913583,1.2644478777373016,0.2214596182680988
spline_pca,3,1,subject41,original,0.39329836829836834,1.7073258814630332,0.1978517498741854
spline_pca,3,1,subject41,reduced,0.37849002849002855,1.5495648852789645,0.18031417637912317
spline_pca,3,1,subject43,original,0.30681818181818177,0.5276439457200941,0.11652505204700159
spline_pca,3,1,subject43,reduced,0.31080246913580245,0.4535466574252287,0.11268549316713639
spline_pca,3,2,subject01,original,0.3303030303030303,0.7517088523903745,0.1537801931193986
spline_pca,3,2,subject01,reduced,0.2861111111111111,0.3991066262323786,0.08311272953867843
spline_pca,3,2,subject04,original,0.2785353535353535,0.47604100237920743,0.11145841339425677
spline_pca,3,2,subject04,reduced,0.2660493827160494,0.3119146255023155,0.07059862271425654
spline_pca,3,2,subject10,original,0.303030303030303,0.5888774277594075,0.13594973710338953
spline_pca,3,2,subject10,reduced,0.2824074074074074,0.3764752929731272,0.09368407567312897
spline_pca,3,2,subject12,original,0.3247474747474748,0.7574790743881055,0.15527469838456265
spline_pca,3,2,subject12,reduced,0.345679012345679,0.7400249155196068,0.17163440621968096
spline_pca,3,2,subject15,original,0.28419305413687435,0.5153607986719297,0.11254901481526469
spline_pca,3,2,subject15,reduced,0.2869434040782355,0.36692119154357394,0.08200358657807683
spline_pca,3,2,subject21,original,0.4767676767676767,1.6931110762113213,0.3459430227309025
spline_pca,3,2,subject21,reduced,0.44475308641975303,1.3772304923559275,0.29824355257323876
spline_pca,3,2,subject36,original,0.2722222222222222,0.6517195788099985,0.1365969401554552
spline_pca,3,2,subject36,reduced,0.2993827160493827,0.6805914696349258,0.15922435552521563
spline_pca,3,3,subject02,original,0.3734848484848484,0.7455504789584313,0.13473286951487717
spline_pca,3,3,subject02,reduced,0.34351851851851856,0.43955886580922865,0.09169286718879377
spline_pca,3,3,subject11,original,0.3012626262626263,0.7961798801990829,0.15099929524689737
spline_pca,3,3,subject11,reduced,0.3268518518518519,0.8291130136859515,0.1753704576181736
spline_pca,3,3,subject22,original,0.18434343434343436,0.2630774708964272,0.04421636556526565
spline_pca,3,3,subject22,reduced,0.19166666666666668,0.2679712924307136,0.05428693090744874
spline_pca,3,3,subject30,original,0.325,0.9479812477132872,0.18513000594457585
spline_pca,3,3,subject30,reduced,0.3453703703703704,0.9757552205862634,0.22699343487600898
spline_pca,3,3,subject33,original,0.3203168044077135,0.6223993097572245,0.11342432980866557
spline_pca,3,3,subject33,reduced,0.313047138047138,0.5329983521728074,0.11129031092524067
spline_pca,3,3,subject37,original,0.4292929292929294,2.1018648856295643,0.3850363482031709
spline_pca,3,3,subject37,reduced,0.4280864197530864,2.07712548129898,0.427567679757915
spline_pca,3,3,subject40,original,0.23888888888888893,0.3660733784213255,0.06617344220768473
spline_pca,3,3,subject40,reduced,0.24012345679012348,0.3468071313760852,0.07066523859829443
spline_pca,8,0,subject05,original,0.2744949494949495,0.9737167541712131,0.17221233863864138
spline_pca,8,0,subject05,reduced,0.26913580246913577,0.7594390866403691,0.19511429957152604
spline_pca,8,0,subject13,original,0.23080808080808082,0.8180989417095619,0.1262501369318213
spline_pca,8,0,subject13,reduced,0.23456790123456792,0.6860996807582689,0.137881941571233
spline_pca,8,0,subject19,original,0.31186868686868685,0.9413779535559552,0.15089061563175143
spline_pca,8,0,subject19,reduced,0.31419753086419755,0.720739588178664,0.17616381244349122
spline_pca,8,0,subject24,original,0.22702020202020207,0.48358646507498904,0.06430069459598975
spline_pca,8,0,subject24,reduced,0.1978395061728395,0.2845837814029668,0.05691324694965394
spline_pca,8,0,subject27,original,0.27070707070707073,0.8371491053103783,0.1852179441503048
spline_pca,8,0,subject27,reduced,0.2824074074074074,0.7891183661610968,0.2052307604857947
spline_pca,8,0,subject34,original,0.23560606060606062,0.5529623828410681,0.11895677819943618
spline_pca,8,0,subject34,reduced,0.2540123456790124,0.51885587919275,0.1378731629728006
spline_pca,8,0,subject35,original,0.30315362931642,0.8746693836370962,0.1335415586736406
spline_pca,8,0,subject35,reduced,0.2889104220499569,0.7249252356858125,0.1319228934180744
spline_pca,8,1,subject08,original,0.4459595959595959,2.702910502061363,0.3982248658403581
spline_pca,8,1,subject08,reduced,0.43672839506172845,2.6713469115528015,0.40371595979185054
spline_pca,8,1,subject18,original,0.2505050505050505,0.6055816821500457,0.10406863746335404
spline_pca,8,1,subject18,reduced,0.28302469135802466,0.6353715480304549,0.13347343297612269
spline_pca,8,1,subject23,original,0.22828282828282828,0.717525998681225,0.06720904615025924
spline_pca,8,1,subject23,reduced,0.2296296296296296,0.536741364875029,0.07590750391637902
spline_pca,8,1,subject25,original,0.22954545454545458,0.4148019158517622,0.061508310157640356
spline_pca,8,1,subject25,reduced,0.23734567901234568,0.4275137656802035,0.06988631714735938
spline_pca,8,1,subject26,original,0.3083333333333333,1.1899523535341903,0.1439004766678451
spline_pca,8,1,subject26,reduced,0.29845679012345677,1.047375724722278,0.1578469405026235
spline_pca,8,1,subject41,original,0.3195221445221445,1.1815837454907943,0.08161854812939584
spline_pca,8,1,subject41,reduced,0.32792022792022796,1.1904098474350397,0.10261572059603585
spline_pca,8,1,subject43,original,0.23282828282828286,0.6075734441469454,0.09071777252369784
spline_pca,8,1,subject43,reduced,0.24074074074074078,0.49545220411475466,0.10805922038275917
spline_pca,8,2,subject01,original,0.18914141414141417,0.29045815652038653,0.05583467065924874
spline_pca,8,2,subject01,reduced,0.20030864197530868,0.2929189180239846,0.06344581238609848
spline_pca,8,2,subject04,original,0.16313131313131313,0.3121427331531441,0.0474224077520371
spline_pca,8,2,subject04,reduced,0.1611111111111111,0.23078781549848948,0.046081655175680525
spline_pca,8,2,subject10,original,0.23611111111111116,0.5558439486491675,0.10967157519662019
spline_pca,8,2,subject10,reduced,0.24567901234567902,0.43463783215863927,0.1137133955696713
spline_pca,8,2,subject12,original,0.2871212121212121,0.6625374083448676,0.14199595326615255
spline_pca,8,2,subject12,reduced,0.2950617283950618,0.6197838012983636,0.15287142013562338
spline_pca,8,2,subject15,original,0.1946033367381682,0.29538949863072617,0.06557839508036267
spline_pca,8,2,subject15,reduced,0.18275072825634622,0.20855653151290854,0.050864161367558
spline_pca,8,2,subject21,original,0.2972222222222222,0.7743620064652799,0.1430560936446701
spline_pca,8,2,subject21,reduced,0.3003086419753086,0.7437393745011613,0.15579513839320924
spline_pca,8,2,subject36,original,0.2128787878787879,0.32843569500397685,0.07198747199519595
spline_pca,8,2,subject36,reduced,0.23487654320987655,0.3265801142658984,0.08559393980656971
spline_pca,8,3,subject02,original,0.38636363636363635,1.7135540405228098,0.27248955584622725
spline_pca,8,3,subject02,reduced,0.31296296296296294,0.6885392955847704,0.1359654483989059
spline_pca,8,3,subject11,original,0.19318181818181818,0.3331355184953786,0.04784677044701002
spline_pca,8,3,subject11,reduced,0.1987654320987654,0.3081201270426783,0.05657072090701187
spline_pca,8,3,subject22,original,0.2308080808080808,0.42228261178936854,0.0850932936236718
spline_pca,8,3,subject22,reduced,0.23580246913580247,0.3958783388630347,0.08785392055161934
spline_pca,8,3,subject30,original,0.21691919191919196,0.4992895625245124,0.0888949413824599
spline_pca,8,3,subject30,reduced,0.22067901234567902,0.41956359436500534,0.10397163763847517
spline_pca,8,3,subject33,original,0.23539944903581267,0.4694221820143163,0.04684379415227102
spline_pca,8,3,subject33,reduced,0.23745791245791248,0.34582904218320376,0.05289460365130694
spline_pca,8,3,subject37,original,0.24772727272727274,0.6803365479205219,0.10499298335573382
spline_pca,8,3,subject37,reduced,0.241358024691358,0.5609675680305015,0.11350395486918163
spline_pca,8,3,subject40,original,0.17499999999999996,0.33332556174321226,0.047812116265852245
spline_pca,8,3,subject40,reduced,0.18055555555555555,0.25882166263826534,0.05819433104581939
unconditional_vae,3,0,subject05,original,0.2961279461279462,0.6422720290471736,0.12729482371319012
unconditional_vae,3,0,subject05,reduced,0.2968106995884774,0.6370239671708963,0.15165239000839417
unconditional_vae,3,0,subject13,original,0.17441077441077443,0.18295838755591434,0.02639633214802743
unconditional_vae,3,0,subject13,reduced,0.16604938271604938,0.11967828644042762,0.021902572000968384
unconditional_vae,3,0,subject19,original,0.19924242424242422,0.24453097230253373,0.047048348406846796
unconditional_vae,3,0,subject19,reduced,0.21862139917695475,0.2549995446758094,0.05674996268702418
unconditional_vae,3,0,subject24,original,0.188973063973064,0.16528340683681883,0.022007155740239037
unconditional_vae,3,0,subject24,reduced,0.17849794238683125,0.12562678165456567,0.019991104735212484
unconditional_vae,3,0,subject27,original,0.2820707070707071,0.8091038957097637,0.16412876481627295
unconditional_vae,3,0,subject27,reduced,0.3081275720164609,0.857773761364951,0.19710885183121474
unconditional_vae,3,0,subject34,original,0.29301346801346795,0.6818458827680071,0.12920549427104677
unconditional_vae,3,0,subject34,reduced,0.27109053497942387,0.477258640476772,0.10527163964304938
unconditional_vae,3,0,subject35,original,0.22138242894056848,0.40458034455810354,0.06892915424716006
unconditional_vae,3,0,subject35,reduced,0.2359532012632788,0.4028981422663131,0.07870552907836618
unconditional_vae,3,1,subject08,original,0.47819865319865323,2.7563056090105564,0.4967963662617336
unconditional_vae,3,1,subject08,reduced,0.48878600823045265,2.703133333368657,0.5150696792192988
unconditional_vae,3,1,subject18,original,0.35648148148148145,1.204472450022168,0.21559025618274297
unconditional_vae,3,1,subject18,reduced,0.3840534979423868,1.2666878383248938,0.24787130185198103
unconditional_vae,3,1,subject23,original,0.2526936026936027,0.3580874563016249,0.05497846018656283
unconditional_vae,3,1,subject23,reduced,0.23652263374485596,0.21421058014088926,0.04113465260511543
unconditional_vae,3,1,subject25,original,0.35816498316498313,0.8894868631915207,0.16000900693851516
unconditional_vae,3,1,subject25,reduced,0.37098765432098774,0.8824119280051518,0.16728270265077486
unconditional_vae,3,1,subject26,original,0.4023569023569024,1.6247802806574285,0.24779418484671642
unconditional_vae,3,1,subject26,reduced,0.35051440329218103,1.2312091229574853,0.20840528699323904
unconditional_vae,3,1,subject41,original,0.3655788655788656,1.4813638162352778,0.13896209190726713
unconditional_vae,3,1,subject41,reduced,0.35557929724596393,1.3603504867221645,0.12387468917249984
unconditional_vae,3,1,subject43,original,0.2237373737373737,0.29877927901565604,0.05117012995540349
unconditional_vae,3,1,subject43,reduced,0.2220164609053498,0.29178569823750156,0.05880479448862649
unconditional_vae,3,2,subject01,original,0.2356060606060606,0.41745936577775655,0.07680641379348004
unconditional_vae,3,2,subject01,reduced,0.18148148148148147,0.16627938212716295,0.028898102890941118
unconditional_vae,3,2,subject04,original,0.2223905723905724,0.3110230768922224,0.058294115888138855
unconditional_vae,3,2,subject04,reduced,0.1845679012345679,0.17088655239248451,0.0338346523875559
unconditional_vae,3,2,subject10,original,0.26944444444444443,0.528664157241043,0.10237870725723024
unconditional_vae,3,2,subject10,reduced,0.24032921810699584,0.34915299920304116,0.07600492757049078
unconditional_vae,3,2,subject12,original,0.26405723905723905,0.6707800160289951,0.1235159184369042
unconditional_vae,3,2,subject12,reduced,0.2585390946502058,0.6237043803031015,0.1333253117782487
unconditional_vae,3,2,subject15,original,0.20555839291794345,0.3150380915013374,0.057297419120562666
unconditional_vae,3,2,subject15,reduced,0.2074455541684006,0.26559701040329564,0.055267567654261406
unconditional_vae,3,2,subject21,original,0.4071548821548821,1.1984694863923202,0.23370106839717086
unconditional_vae,3,2,subject21,reduced,0.3587448559670782,0.6594965212386331,0.14391663955782283
unconditional_vae,3,2,subject36,original,0.25774410774410766,0.5391502695220708,0.10388335110163686
unconditional_vae,3,2,subject36,reduced,0.27448559670781897,0.565020509728329,0.12512490256534745
unconditional_vae,3,3,subject02,original,0.35429292929292927,1.0166296872868699,0.19539413992067525
unconditional_vae,3,3,subject02,reduced,0.3391975308641975,0.7370441392065739,0.16818519156901257
unconditional_vae,3,3,subject11,original,0.20917508417508415,0.747911631729251,0.13028532125302664
unconditional_vae,3,3,subject11,reduced,0.22448559670781895,0.7942347145005102,0.15552453312289474
unconditional_vae,3,3,subject22,original,0.2260942760942761,0.3351551178156664,0.059913215127654317
unconditional_vae,3,3,subject22,reduced,0.22818930041152263,0.3320626794580379,0.06940361047786059
unconditional_vae,3,3,subject30,original,0.29924242424242425,0.6374951411891486,0.12172539536540872
unconditional_vae,3,3,subject30,reduced,0.30565843621399175,0.5939682275064766,0.13257329484558822
unconditional_vae,3,3,subject33,original,0.26212121212121214,0.3982428744655658,0.06592180407950872
unconditional_vae,3,3,subject33,reduced,0.23989898989898992,0.295595474347696,0.0516484583829249
unconditional_vae,3,3,subject37,original,0.4166666666666667,1.648927593731118,0.2932686450834879
unconditional_vae,3,3,subject37,reduced,0.38868312757201645,1.453923470819193,0.28897180847822485
unconditional_vae,3,3,subject40,original,0.2464646464646465,0.4230625301822138,0.07564823867121521
unconditional_vae,3,3,subject40,reduced,0.23415637860082303,0.37850124683301506,0.07328157859935995
unconditional_vae,8,0,subject05,original,0.21498316498316497,0.27338118959496754,0.05202458764160837
unconditional_vae,8,0,subject05,reduced,0.21594650205761315,0.2647037201891343,0.06040874200635119
unconditional_vae,8,0,subject13,original,0.19402356902356901,0.2364355793287777,0.038690048051994864
unconditional_vae,8,0,subject13,reduced,0.18569958847736623,0.15198802575711565,0.030758806735849076
unconditional_vae,8,0,subject19,original,0.18644781144781142,0.1962381576305471,0.03260322312556999
unconditional_vae,8,0,subject19,reduced,0.18343621399176954,0.16543829291640919,0.03461137670743627
unconditional_vae,8,0,subject24,original,0.15235690235690236,0.1277445465756369,0.012591237860748561
unconditional_vae,8,0,subject24,reduced,0.14948559670781894,0.11218274092104297,0.013656949160235743
unconditional_vae,8,0,subject27,original,0.2445286195286195,0.49856278466806564,0.09585668448692874
unconditional_vae,8,0,subject27,reduced,0.27016460905349793,0.5454617844927148,0.12059809875982959
unconditional_vae,8,0,subject34,original,0.22752525252525255,0.3416408087068084,0.0614894075578456
unconditional_vae,8,0,subject34,reduced,0.2090534979423868,0.24030437423801057,0.04696314772407347
unconditional_vae,8,0,subject35,original,0.21147521728917076,0.4486520889611181,0.07579159028838744
unconditional_vae,8,0,subject35,reduced,0.21450617283950615,0.44067068581581337,0.0837152226374364
unconditional_vae,8,1,subject08,original,0.3669191919191919,1.5141055917473347,0.26178158763487885
unconditional_vae,8,1,subject08,reduced,0.3631687242798354,1.4951290709482759,0.2781022709235321
unconditional_vae,8,1,subject18,original,0.25303030303030305,0.6181205144582345,0.10675614110400455
unconditional_vae,8,1,subject18,reduced,0.2650205761316872,0.6134118647817733,0.11955075788512477
unconditional_vae,8,1,subject23,original,0.1818181818181818,0.16066797140624875,0.02447265880900969
unconditional_vae,8,1,subject23,reduced,0.19783950617283952,0.15791074663828134,0.028942244703708542
unconditional_vae,8,1,subject25,original,0.23644781144781146,0.35026931993773697,0.05075336000030765
unconditional_vae,8,1,subject25,reduced,0.2508230452674897,0.3697480892390231,0.060507812231613944
unconditional_vae,8,1,subject26,original,0.27634680134680134,0.8471894431103352,0.11628870630668615
unconditional_vae,8,1,subject26,reduced,0.26522633744855967,0.7634742666614485,0.11701528454575705
unconditional_vae,8,1,subject41,original,0.3187062937062937,1.082873168647563,0.055930734464611685
unconditional_vae,8,1,subject41,reduced,0.3370607787274454,1.1191276968915262,0.07206591457314686
unconditional_vae,8,1,subject43,original,0.16254208754208752,0.16508005374498205,0.020974809149332845
unconditional_vae,8,1,subject43,reduced,0.15401234567901234,0.12650334851906356,0.019258046459170692
unconditional_vae,8,2,subject01,original,0.14082491582491583,0.14813746323894708,0.025399735258013128
unconditional_vae,8,2,subject01,reduced,0.14146090534979425,0.14433578026149294,0.027550745289119383
unconditional_vae,8,2,subject04,original,0.15538720538720538,0.12197046223900676,0.01749273358301025
unconditional_vae,8,2,subject04,reduced,0.14969135802469136,0.10846077209912479,0.017551673807703838
unconditional_vae,8,2,subject10,original,0.18863636363636363,0.20994955183049488,0.036158826538026746
unconditional_vae,8,2,subject10,reduced,0.19259259259259257,0.18318507805241468,0.03312429417845567
unconditional_vae,8,2,subject12,original,0.2537037037037037,0.5873170110148987,0.1094477161028516
unconditional_vae,8,2,subject12,reduced,0.23899176954732512,0.49107566966608057,0.10864257115663278
unconditional_vae,8,2,subject15,original,0.18834411531040743,0.22605336192056077,0.03701700641934014
unconditional_vae,8,2,subject15,reduced,0.1728603134970176,0.14406397071108504,0.02397248507415628
unconditional_vae,8,2,subject21,original,0.2805555555555556,0.5187610875465474,0.09451535112140004
unconditional_vae,8,2,subject21,reduced,0.25164609053497944,0.34316166209158244,0.06758864763173338
unconditional_vae,8,2,subject36,original,0.13005050505050506,0.08444959611745,0.0057628855461783575
unconditional_vae,8,2,subject36,reduced,0.13827160493827162,0.08768372346890141,0.009554515346157736
unconditional_vae,8,3,subject02,original,0.2914141414141414,0.8378651348133285,0.1477795224480524
unconditional_vae,8,3,subject02,reduced,0.262962962962963,0.5098140419538651,0.10542542704942963
unconditional_vae,8,3,subject11,original,0.21245791245791246,0.5836443081821824,0.09640519406933035
unconditional_vae,8,3,subject11,reduced,0.22294238683127574,0.6232243816293314,0.12263939072730674
unconditional_vae,8,3,subject22,original,0.2064814814814815,0.28737255849256,0.05307229544671599
unconditional_vae,8,3,subject22,reduced,0.20833333333333334,0.2790243329177087,0.05680990875764813
unconditional_vae,8,3,subject30,original,0.1687710437710438,0.18446758476842437,0.02792636131024247
unconditional_vae,8,3,subject30,reduced,0.18353909465020576,0.20134757051835894,0.038936400714216446
unconditional_vae,8,3,subject33,original,0.1664830119375574,0.18915254793555084,0.02569688809166737
unconditional_vae,8,3,subject33,reduced,0.17842312008978678,0.1915090457780487,0.031450565653542616
unconditional_vae,8,3,subject37,original,0.21018518518518517,0.3821641955565296,0.06254537592327807
unconditional_vae,8,3,subject37,reduced,0.22139917695473252,0.38269088295881826,0.07345632074808232
unconditional_vae,8,3,subject40,original,0.20294612794612796,0.28613804735008824,0.04345180182646121
unconditional_vae,8,3,subject40,reduced,0.21224279835390947,0.276769228946592,0.0519794201061301
