fold,feature_a,feature_b,pooled_rho,median_within_rho
0,initiation_time_s,movement_time_s,-0.5150585555922553,-0.44930990294777046
0,initiation_time_s,peak_speed_tracker_units_s,0.4003328966336854,0.28152052916120607
0,initiation_time_s,time_to_peak_speed,-0.1218172053342634,-0.18010397893568544
0,initiation_time_s,path_length,-0.0955776840242993,-0.07645434160180957
0,initiation_time_s,straight_line_dist,-0.06566795658012917,-0.060348301544079865
0,initiation_time_s,curvature_index,-0.12146917335192738,-0.04984532594966955
0,initiation_time_s,max_lateral_deviation,-0.04618368264386856,0.0437205483261809
0,initiation_time_s,n_submovements,-0.06737463305305345,-0.09780361757226161
0,initiation_time_s,end_x,0.14483998059469186,0.08776295240802572
0,initiation_time_s,end_y,-0.0915020862234408,-0.07807399992810524
0,movement_time_s,peak_speed_tracker_units_s,-0.7567349745858434,-0.6630153546260479
0,movement_time_s,time_to_peak_speed,0.06672906529074839,0.004091432956521606
0,movement_time_s,path_length,0.36992926411788446,0.33320473621448676
0,movement_time_s,straight_line_dist,0.24096925004234698,0.2274018408979167
0,movement_time_s,curvature_index,0.4082665758976185,0.30418359805727113
0,movement_time_s,max_lateral_deviation,0.2625859936424089,0.1251026769563513
0,movement_time_s,n_submovements,0.1825693244202719,0.17661940925384043
0,movement_time_s,end_x,-0.2613186425410156,-0.07201909685106714
0,movement_time_s,end_y,0.2830964832188585,0.2551363376415611
0,peak_speed_tracker_units_s,time_to_peak_speed,0.04529886572412348,0.17860854718468322
0,peak_speed_tracker_units_s,path_length,-0.0827314538050596,0.07388705412718499
0,peak_speed_tracker_units_s,straight_line_dist,-0.022943349324024444,0.1125816640431289
0,peak_speed_tracker_units_s,curvature_index,-0.13040474110491382,0.09047604349928495
0,peak_speed_tracker_units_s,max_lateral_deviation,-0.09903381440934698,0.13049168184203216
0,peak_speed_tracker_units_s,n_submovements,-0.12677448832299454,-0.1393998559068605
0,peak_speed_tracker_units_s,end_x,0.3263517543867847,0.1600663454367298
0,peak_speed_tracker_units_s,end_y,-0.054474895987098704,0.08401288105599967
0,time_to_peak_speed,path_length,-0.0025823134747293714,0.04190486644259849
0,time_to_peak_speed,straight_line_dist,0.018309482294434902,0.0885107655773735
0,time_to_peak_speed,curvature_index,0.0014414994019633263,0.07083616988681628
0,time_to_peak_speed,max_lateral_deviation,0.009702321837383081,0.07232289127540519
0,time_to_peak_speed,n_submovements,-0.08989822115361848,-0.09252806594639987
0,time_to_peak_speed,end_x,-0.06589363940011858,-0.064880285299756
0,time_to_peak_speed,end_y,0.03455419439342995,0.08026720455134513
0,path_length,straight_line_dist,0.9397884684813045,0.9576303795384631
0,path_length,curvature_index,0.39853833204269,0.3433312516158135
0,path_length,max_lateral_deviation,0.4091655478635865,0.29997427904153423
0,path_length,n_submovements,0.019172990152608264,0.0423201554473579
0,path_length,end_x,0.09515901608253677,0.09753337026713527
0,path_length,end_y,0.9421704300277398,0.9592799030565075
0,straight_line_dist,curvature_index,0.15775853103320486,0.11322983219646697
0,straight_line_dist,max_lateral_deviation,0.20994711040951036,0.18316198944151152
0,straight_line_dist,n_submovements,-0.03203177016283164,-0.0330448140569656
0,straight_line_dist,end_x,0.11559442294527839,0.07337469263454634
0,straight_line_dist,end_y,0.9959022783514697,0.9960924719898763
0,curvature_index,max_lateral_deviation,0.8886945854826419,0.8708264915161467
0,curvature_index,n_submovements,0.13013995810452395,0.12378534098916924
0,curvature_index,end_x,-0.014409603333376738,0.03613597410017139
0,curvature_index,end_y,0.17348770842414749,0.11857698100794654
0,max_lateral_deviation,n_submovements,0.04074611452854749,0.08306399463120653
0,max_lateral_deviation,end_x,-0.009427385765454656,0.05385987084711137
0,max_lateral_deviation,end_y,0.21784335279327025,0.1821043859378376
0,n_submovements,end_x,-0.005321060768373192,-0.029194961350554903
0,n_submovements,end_y,-0.02327941684488943,-0.03229245063882043
0,end_x,end_y,0.09359835663575689,0.05959443192691132
1,initiation_time_s,movement_time_s,-0.48860214837427285,-0.44930990294777046
1,initiation_time_s,peak_speed_tracker_units_s,0.34033411549080395,0.24304975721686034
1,initiation_time_s,time_to_peak_speed,-0.2497870495684909,-0.19428280700176198
1,initiation_time_s,path_length,-0.08571605953687542,-0.08561817129161443
1,initiation_time_s,straight_line_dist,-0.07559900136972122,-0.07928200032717117
1,initiation_time_s,curvature_index,-0.05346490955187642,-0.056109532980814635
1,initiation_time_s,max_lateral_deviation,0.015976490299964206,0.009950022107742776
1,initiation_time_s,n_submovements,-0.042986184694052514,-0.018850928028562485
1,initiation_time_s,end_x,0.049657407130532974,0.09246132574491865
1,initiation_time_s,end_y,-0.0957683756017782,-0.08999191656406977
1,movement_time_s,peak_speed_tracker_units_s,-0.7932196384394836,-0.7097727085371751
1,movement_time_s,time_to_peak_speed,0.10699378308892131,0.08700422576645696
1,movement_time_s,path_length,0.35552308584172687,0.3806308679380862
1,movement_time_s,straight_line_dist,0.3131667980414013,0.30282802644180273
1,movement_time_s,curvature_index,0.22093579787348805,0.13798458353600027
1,movement_time_s,max_lateral_deviation,0.12498001176959452,-0.0032487790996957476
1,movement_time_s,n_submovements,0.13393154367497614,0.1683913636491422
1,movement_time_s,end_x,-0.009466085424142462,-0.1604642233433289
1,movement_time_s,end_y,0.3451334847826873,0.32802585377892857
1,peak_speed_tracker_units_s,time_to_peak_speed,0.0625045048165142,0.1850011414361839
1,peak_speed_tracker_units_s,path_length,-0.10100837220990373,0.036709457938747594
1,peak_speed_tracker_units_s,straight_line_dist,-0.10049488410968171,0.020805831601127596
1,peak_speed_tracker_units_s,curvature_index,-0.014160846847133039,0.13018323724451528
1,peak_speed_tracker_units_s,max_lateral_deviation,0.0004469300819140168,0.13049168184203216
1,peak_speed_tracker_units_s,n_submovements,-0.10506504273632576,-0.13174854302026823
1,peak_speed_tracker_units_s,end_x,0.04144934289112314,0.12967227021692837
1,peak_speed_tracker_units_s,end_y,-0.12316633895154921,0.011094848942168058
1,time_to_peak_speed,path_length,0.04199220486104622,0.08933779806587411
1,time_to_peak_speed,straight_line_dist,0.06439358271914553,0.08959656618408268
1,time_to_peak_speed,curvature_index,-0.06362561064855146,0.02765047882760894
1,time_to_peak_speed,max_lateral_deviation,-0.04568082533933172,0.05759052291059481
1,time_to_peak_speed,n_submovements,-0.09060985315661568,-0.09276120552561791
1,time_to_peak_speed,end_x,-0.086556178963437,-0.018535091974996743
1,time_to_peak_speed,end_y,0.08213325455858686,0.0907680603426671
1,path_length,straight_line_dist,0.9705092390105708,0.9775151053478991
1,path_length,curvature_index,0.2821669378045195,0.23394549214481927
1,path_length,max_lateral_deviation,0.30244888061643427,0.21893062543082606
1,path_length,n_submovements,0.0735187217290764,0.0769577012350518
1,path_length,end_x,0.14999376188902983,0.10634278835766536
1,path_length,end_y,0.9686421341712954,0.982057530167414
1,straight_line_dist,curvature_index,0.12805700770577816,0.0446156430748554
1,straight_line_dist,max_lateral_deviation,0.17740236881037197,0.07480272024856734
1,straight_line_dist,n_submovements,0.027197572225776265,0.013460912966553292
1,straight_line_dist,end_x,0.13374626634117226,0.09936109139170962
1,straight_line_dist,end_y,0.9966445815142653,0.9968455816537547
1,curvature_index,max_lateral_deviation,0.8884564370634299,0.8594379111022523
1,curvature_index,n_submovements,0.11428172146481459,0.08723687859910384
1,curvature_index,end_x,0.09780865227614624,0.04577483380132959
1,curvature_index,end_y,0.13520381758528618,0.06190931818883299
1,max_lateral_deviation,n_submovements,0.06409340010228538,0.062398600664636775
1,max_lateral_deviation,end_x,0.143242732827604,0.07746329619226931
1,max_lateral_deviation,end_y,0.1797478334404765,0.07854563412451002
1,n_submovements,end_x,-0.01952630659285137,-0.041819966234572896
1,n_submovements,end_y,0.030179224807327404,0.01177829884573413
1,end_x,end_y,0.11818622959095487,0.09224358776505448
2,initiation_time_s,movement_time_s,-0.4767343863784087,-0.4042920512641415
2,initiation_time_s,peak_speed_tracker_units_s,0.33500642980568934,0.16341140960490597
2,initiation_time_s,time_to_peak_speed,-0.18536787771406524,-0.1876883632627247
2,initiation_time_s,path_length,-0.13508489461905032,-0.06634507343126385
2,initiation_time_s,straight_line_dist,-0.0888144390312471,0.019189687415841688
2,initiation_time_s,curvature_index,-0.1432505716366808,-0.018387322045678608
2,initiation_time_s,max_lateral_deviation,-0.08811576455448225,0.009950022107742776
2,initiation_time_s,n_submovements,-0.07979610571120543,-0.018850928028562485
2,initiation_time_s,end_x,0.06601170452790552,0.09108539899962191
2,initiation_time_s,end_y,-0.10975378605967717,0.01789970529319904
2,movement_time_s,peak_speed_tracker_units_s,-0.7910511072482763,-0.6650935941729854
2,movement_time_s,time_to_peak_speed,0.0404258685617046,0.005089132050176996
2,movement_time_s,path_length,0.3815918207196975,0.33320473621448676
2,movement_time_s,straight_line_dist,0.24779198693266102,0.2755705861329255
2,movement_time_s,curvature_index,0.39892740819410294,0.22259634970949893
2,movement_time_s,max_lateral_deviation,0.28469607635160515,0.12804749327501597
2,movement_time_s,n_submovements,0.207942713201676,0.1683913636491422
2,movement_time_s,end_x,-0.12580799942336782,-0.20559021724206403
2,movement_time_s,end_y,0.2861658757619447,0.2970678288584509
2,peak_speed_tracker_units_s,time_to_peak_speed,0.08106783580506709,0.19588248422078522
2,peak_speed_tracker_units_s,path_length,-0.11467911104346898,0.05524656110785312
2,peak_speed_tracker_units_s,straight_line_dist,-0.03943340834019052,0.06682716544749323
2,peak_speed_tracker_units_s,curvature_index,-0.17653992501571192,0.02929514285420332
2,peak_speed_tracker_units_s,max_lateral_deviation,-0.15847367105345117,0.04329713556378549
2,peak_speed_tracker_units_s,n_submovements,-0.13951798817877276,-0.09997308852030094
2,peak_speed_tracker_units_s,end_x,0.18885840161031847,0.1600663454367298
2,peak_speed_tracker_units_s,end_y,-0.07050365000410018,0.07459618081404408
2,time_to_peak_speed,path_length,0.05807994366667591,0.06831814696455492
2,time_to_peak_speed,straight_line_dist,0.08524602425647645,0.08959656618408268
2,time_to_peak_speed,curvature_index,-0.06169566299322967,-0.05227952913075051
2,time_to_peak_speed,max_lateral_deviation,-0.05633407571219395,-0.026139801067665648
2,time_to_peak_speed,n_submovements,-0.11812533856963367,-0.09276120552561791
2,time_to_peak_speed,end_x,-0.1405856369382258,-0.018535091974996743
2,time_to_peak_speed,end_y,0.10038372418948581,0.08221827319619605
2,path_length,straight_line_dist,0.9326895096988911,0.952928297755884
2,path_length,curvature_index,0.4082687846392372,0.26596827225382197
2,path_length,max_lateral_deviation,0.40422558694898664,0.29997427904153423
2,path_length,n_submovements,0.07746582987725188,0.1005361937189449
2,path_length,end_x,0.12295397250352703,0.06909777227854444
2,path_length,end_y,0.9343833291625743,0.9562123700054734
2,straight_line_dist,curvature_index,0.17158356362906851,0.0446156430748554
2,straight_line_dist,max_lateral_deviation,0.20664445252964253,0.15504655599533015
2,straight_line_dist,n_submovements,0.011712079580374297,-0.02301510425953023
2,straight_line_dist,end_x,0.1293276700889132,0.050321583767594054
2,straight_line_dist,end_y,0.995798069831248,0.9964869332329002
2,curvature_index,max_lateral_deviation,0.9040756563035488,0.8708264915161467
2,curvature_index,n_submovements,0.1473681768437877,0.09300620883854606
2,curvature_index,end_x,0.07392558578850296,0.08378256784076996
2,curvature_index,end_y,0.1831920270260104,0.06190931818883299
2,max_lateral_deviation,n_submovements,0.0978746782760908,0.062398600664636775
2,max_lateral_deviation,end_x,0.12453865290202827,0.08581129047192815
2,max_lateral_deviation,end_y,0.21315855054722888,0.1562766593581822
2,n_submovements,end_x,0.005542106610733605,-0.00917175593216527
2,n_submovements,end_y,0.02006123205130718,-0.002092282205411839
2,end_x,end_y,0.11433019117188592,0.009852216748768473
3,initiation_time_s,movement_time_s,-0.4517586426345272,-0.3729382187024041
3,initiation_time_s,peak_speed_tracker_units_s,0.29430017601874553,0.16341140960490597
3,initiation_time_s,time_to_peak_speed,-0.1144662170223969,-0.1940946685442515
3,initiation_time_s,path_length,-0.1594147019676679,-0.08076539023804032
3,initiation_time_s,straight_line_dist,-0.13812921851500948,-0.07201584340980878
3,initiation_time_s,curvature_index,-0.14233883842774805,-0.04984532594966955
3,initiation_time_s,max_lateral_deviation,-0.07456401734998215,0.009950022107742776
3,initiation_time_s,n_submovements,-0.09537063705123179,-0.018850928028562485
3,initiation_time_s,end_x,-0.005613114679830003,0.03672687538332857
3,initiation_time_s,end_y,-0.1532999929692324,-0.08643822340537252
3,movement_time_s,peak_speed_tracker_units_s,-0.7808252696415978,-0.6630153546260479
3,movement_time_s,time_to_peak_speed,0.012864368909410465,0.10887518319376058
3,movement_time_s,path_length,0.40720503265987124,0.4306640823044637
3,movement_time_s,straight_line_dist,0.34354557247761075,0.3717229255535786
3,movement_time_s,curvature_index,0.2643533823803696,0.19710501558071736
3,movement_time_s,max_lateral_deviation,0.1551373238254763,0.15606557975901497
3,movement_time_s,n_submovements,0.22035259865960644,0.12887704188312094
3,movement_time_s,end_x,-0.007951693899640606,-0.0768354672003221
3,movement_time_s,end_y,0.3726441193350091,0.37514978845247937
3,peak_speed_tracker_units_s,time_to_peak_speed,0.16679909373806667,0.12529686689660938
3,peak_speed_tracker_units_s,path_length,-0.1278528968438275,-0.05989282169185119
3,peak_speed_tracker_units_s,straight_line_dist,-0.11608960916393064,-0.014768136742243297
3,peak_speed_tracker_units_s,curvature_index,-0.027345980389005074,0.13018323724451528
3,peak_speed_tracker_units_s,max_lateral_deviation,-0.0023807059259937386,0.08626809469428069
3,peak_speed_tracker_units_s,n_submovements,-0.17060996919131102,-0.070385187739446
3,peak_speed_tracker_units_s,end_x,0.03851778166529727,0.1565830221097359
3,peak_speed_tracker_units_s,end_y,-0.13242574791429765,-0.01999831902196868
3,time_to_peak_speed,path_length,-0.023808223834853415,0.06579125314327183
3,time_to_peak_speed,straight_line_dist,0.020454719303758664,0.0885107655773735
3,time_to_peak_speed,curvature_index,-0.13401723839900279,0.02765047882760894
3,time_to_peak_speed,max_lateral_deviation,-0.1367369770377178,0.061004293044418206
3,time_to_peak_speed,n_submovements,-0.04982548700812964,-0.026035482052511157
3,time_to_peak_speed,end_x,-0.026545019700151076,-0.015895164419847587
3,time_to_peak_speed,end_y,0.03441375090763301,0.08026720455134513
3,path_length,straight_line_dist,0.9625651182683708,0.9655314390767813
3,path_length,curvature_index,0.2925497087449604,0.23394549214481927
3,path_length,max_lateral_deviation,0.302439081519023,0.2610183441875778
3,path_length,n_submovements,0.08927732138559842,0.12874232262686236
3,path_length,end_x,0.15358395542138034,0.10634278835766536
3,path_length,end_y,0.9627421595502227,0.9638845061701469
3,straight_line_dist,curvature_index,0.11158736881339563,0.04300955790816589
3,straight_line_dist,max_lateral_deviation,0.15793770062081214,0.0829963887774314
3,straight_line_dist,n_submovements,0.03706743957547229,0.06432675209026768
3,straight_line_dist,end_x,0.1511360554957331,0.09936109139170962
3,straight_line_dist,end_y,0.9971468381692002,0.9964869332329002
3,curvature_index,max_lateral_deviation,0.8814091037190094,0.8560299517603859
3,curvature_index,n_submovements,0.16446467032762319,0.12874232262686236
3,curvature_index,end_x,0.09612988688387049,0.1006430239616449
3,curvature_index,end_y,0.1198536315411347,0.05037319701442389
3,max_lateral_deviation,n_submovements,0.0731456652538936,0.09709616510964479
3,max_lateral_deviation,end_x,0.1297915155464246,0.07074683300547169
3,max_lateral_deviation,end_y,0.15894941863207582,0.09127647972674054
3,n_submovements,end_x,0.007205170016301239,-0.00917175593216527
3,n_submovements,end_y,0.04704608380677832,0.06432675209026768
3,end_x,end_y,0.14389461395401057,0.09224358776505448
